,num_vids,min_views_overall,max_views_overall,mean_views_overall,median_views_overall,min_views_last10,max_views_last10,mean_views_last10,median_views_last10,min_views_last25,max_views_last25,mean_views_last25,median_views_last25,min_views_last50,max_views_last50,mean_views_last50,median_views_last50,profile
0,60,8306.0,225000.0,42373.433333333334,24050.0,17800.0,136400.0,41410.0,32200.0,12800.0,136400.0,28956.0,21400.0,8306.0,180200.0,37952.12,21400.0,https://www.tiktok.com/@mr__sawan08
0,58,18600.0,429800.0,118901.72413793103,76300.0,18600.0,237400.0,78470.0,55900.0,18600.0,396600.0,129984.0,75700.0,18600.0,429800.0,123642.0,77100.0,https://www.tiktok.com/@saizssisters
0,57,16600.0,2700000.0,418117.5438596491,270400.0,16600.0,1900000.0,511990.0,198000.0,16600.0,1900000.0,394500.0,185500.0,16600.0,1900000.0,380098.0,254300.0,https://www.tiktok.com/@nobita__01
0,60,1868.0,391500.0,24069.083333333332,5251.0,2329.0,88700.0,13044.9,3118.0,2329.0,129300.00000000001,14847.08,5400.0,1868.0,391500.0,24992.62,4098.5,https://www.tiktok.com/@virajsheik7
0,60,24200.0,1500000.0,197498.33333333334,78500.0,24200.0,357200.0,91710.0,36100.0,24200.0,1500000.0,310404.0,104400.0,24200.0,1500000.0,214912.0,78500.0,https://www.tiktok.com/@officialayubkhan
0,57,81800.0,2200000.0,626257.8947368421,373100.0,86600.0,1200000.0,418920.0,276700.0,86600.0,1300000.0,459664.0,345700.0,81800.0,2200000.0,596508.0,354350.0,https://www.tiktok.com/@its_sajid_shaikh
0,60,6582.0,2400000.0,163365.53333333333,28750.0,7252.0,97400.0,23368.8,11050.0,6582.0,1400000.0,114114.8,20000.0,6582.0,2400000.0,170984.64,28750.0,https://www.tiktok.com/@ps3squad
0,60,41500.0,35900000.0,2366701.6666666665,478050.0,41500.0,21000000.0,2300230.0,279000.0,41500.0,35900000.0,3462624.0,441700.0,41500.0,35900000.0,2692922.0,515200.0,https://www.tiktok.com/@kajalchandravanshi360
0,59,25100.0,515799.99999999994,259272.88135593222,243100.0,25100.0,515799.99999999994,253860.0,238300.0,25100.0,515799.99999999994,291872.0,256700.0,25100.0,515799.99999999994,266300.0,245600.0,https://www.tiktok.com/@nickshinde01
0,77,9470.0,6700000.0,243767.14285714287,81300.0,9470.0,252100.0,67657.0,29050.0,9470.0,252100.0,81914.8,60100.0,9470.0,252100.0,79881.4,60200.0,https://www.tiktok.com/@arman_rc
0,60,9545.0,439300.0,126074.08333333333,81600.0,9545.0,439300.0,120214.5,73950.0,9545.0,439300.0,140017.8,81400.0,9545.0,439300.0,123674.9,76950.0,https://www.tiktok.com/@sahilkhan.cx
0,53,286600.0,7800000.0,1240307.5471698113,909300.0,370900.0,1300000.0,792320.0,763950.0,370900.0,3400000.0,1088168.0,903200.0,286600.0,7800000.0,1248030.0,906250.0,https://www.tiktok.com/@musk786_
0,51,8400.0,707000.0,107226.13725490196,51600.0,8400.0,81100.0,28932.6,18300.0,8400.0,525900.0,53693.32,22000.0,8400.0,707000.0,106140.66,50950.0,https://www.tiktok.com/@black_girll07
0,56,35500.0,1600000.0,192812.5,103550.0,35500.0,93500.0,61950.0,66550.0,35500.0,828900.0,122880.0,72500.0,35500.0,1100000.0,155968.0,84650.0,https://www.tiktok.com/@anushka_srivastava771
0,59,644700.0,56600000.0,4573781.355932203,2500000.0,644700.0,9900000.0,2715310.0,1750000.0,644700.0,12500000.0,3370124.0,1900000.0,644700.0,56600000.0,4967062.0,2650000.0,https://www.tiktok.com/@ansh_pandit
0,57,7554.0,657900.0,155088.26315789475,80700.0,8422.0,298200.0,71027.7,17350.0,7554.0,509500.0,93665.24,22200.0,7554.0,657900.0,155190.62,83400.0,https://www.tiktok.com/@sujaljain177
0,59,4656.0,155700.0,14870.677966101695,10300.0,6538.0,14300.0,10636.6,9966.0,6050.0,155700.0,18788.08,12700.0,4656.0,155700.0,15222.92,11050.0,https://www.tiktok.com/@sweta__jaiswal
0,54,11700.0,364100.0,91679.62962962964,78950.0,11700.0,364100.0,111260.0,95750.0,11700.0,364100.0,96340.0,81300.0,11700.0,364100.0,91738.0,78950.0,https://www.tiktok.com/@mayankj1612
0,60,70600.0,2300000.0,437200.0,280800.0,70600.0,1600000.0,546860.0,340100.0,70600.0,2300000.0,483652.0,273200.0,70600.0,2300000.0,412866.0,251700.0,https://www.tiktok.com/@itsmahisharma
0,60,10700.0,1800000.0,130780.0,39650.0,10700.0,78100.0,31890.0,17850.0,10700.0,246000.0,59324.0,36200.0,10700.0,1800000.0,139218.0,52350.0,https://www.tiktok.com/@vinodkumarrk
0,59,2372.0,278400.0,26871.542372881355,10100.0,2372.0,42300.0,11015.3,5948.0,2372.0,42300.0,9627.44,6539.0,2372.0,278400.0,19827.36,8598.0,https://www.tiktok.com/@dilipgandhi.official
0,55,4092.0,6300000.0,329368.9090909091,26100.0,11800.0,2700000.0,602350.0,109500.0,11700.0,6300000.0,582904.0,50000.0,4092.0,6300000.0,332397.18,24650.0,https://www.tiktok.com/@vicky.atal
0,55,16000.0,14400000.0,759625.4545454546,83100.0,16000.0,958000.0,252090.0,130150.0,16000.0,2000000.0,269016.0,39100.0,16000.0,14400000.0,807166.0,94050.0,https://www.tiktok.com/@veerangnanainway1
0,55,26700.0,5600000.0,491043.63636363635,200400.0,26700.0,3100000.0,541450.0,258300.0,26700.0,4500000.0,593256.0,246500.0,26700.0,5600000.0,516378.0,202350.0,https://www.tiktok.com/@luckykamboj
0,59,5416.0,3800000.0,369311.18644067796,147300.0,5416.0,612400.0,148276.0,41400.0,5416.0,2800000.0,338682.4,97700.0,5416.0,2800000.0,310057.2,102600.0,https://www.tiktok.com/@_tillu09
0,54,10600.0,14300000.0,749574.074074074,225800.0,10600.0,9600000.0,1135770.0,252900.0,10600.0,14300000.0,1179404.0,225900.0,10600.0,14300000.0,742546.0,224250.0,https://www.tiktok.com/@coolestcrushboy
0,60,16200.0,1900000.0,203110.0,99500.0,16200.0,146700.0,60530.0,39800.0,16200.0,530400.0,152156.0,98400.0,16200.0,1000000.0,178594.0,99500.0,https://www.tiktok.com/@abreshkhan
0,59,53600.0,8000000.0,1077803.3898305085,568200.0,53600.0,3200000.0,593610.0,95300.0,53600.0,8000000.0,1300572.0,458100.0,53600.0,8000000.0,1023852.0,535350.0,https://www.tiktok.com/@daizyaizy
0,53,751.0,383000.0,17183.188679245282,6009.0,2997.0,20200.0,7507.2,6365.5,2287.0,383000.0,24366.12,8000.0,751.0,383000.0,16603.84,6125.0,https://www.tiktok.com/@pubgdance143
0,60,35200.0,3900000.0,377346.6666666667,188750.0,35200.0,759700.0,361350.0,367450.0,35200.0,1200000.0,305756.0,172700.0,35200.0,3900000.0,383610.0,205850.0,https://www.tiktok.com/@affy__khan
0,65,1664.0,5400000.0,246548.4,8302.0,1664.0,33300.0,8900.8,4178.0,1664.0,875800.0,70573.52,8491.0,1664.0,3400000.0,195609.42,8906.5,https://www.tiktok.com/@aman_c_v_s_
0,60,24200.0,2900000.0,457605.0,254450.0,24200.0,887800.0,269950.0,114400.0,24200.0,2400000.0,424108.0,373200.0,24200.0,2900000.0,503266.0,317300.0,https://www.tiktok.com/@sradhapanigrahi
0,64,653700.0,9000000.0,1797096.875,1500000.0,653700.0,9000000.0,2124970.0,1100000.0,653700.0,9000000.0,2388256.0,2000000.0,653700.0,9000000.0,1871712.0,1450000.0,https://www.tiktok.com/@abu_saalim_
0,60,160300.0,10200000.0,1655565.0,925600.0,160300.0,1700000.0,615900.0,504800.0,160300.0,3400000.0,978996.0,639400.0,160300.0,10200000.0,1512838.0,752050.0,https://www.tiktok.com/@mr_monish_raja
0,60,103500.0,10000000.0,775993.3333333334,349500.0,111700.0,1700000.0,601710.0,482000.0,103500.0,3100000.0,608132.0,337700.0,103500.0,10000000.0,863546.0,352000.0,https://www.tiktok.com/@riyaa1998
0,62,6171.0,3900000.0,328249.82258064515,95850.0,6171.0,433800.0,143098.9,53200.0,6171.0,433800.0,102539.56,53300.0,6171.0,3000000.0,252013.78,89800.0,https://www.tiktok.com/@starboiiiiiiiiiiiiiiii
0,59,30000.0,11800000.0,606822.033898305,136900.0,30000.0,2000000.0,630350.0,566850.0,30000.0,11800000.0,862436.0,133300.0,30000.0,11800000.0,645318.0,125600.0,https://www.tiktok.com/@raghavmishra01
0,60,22100.0,2300000.0,417400.0,190300.0,22100.0,495000.0,139260.0,116900.0,22100.0,2300000.0,348896.0,151100.0,22100.0,2300000.0,395572.0,169050.0,https://www.tiktok.com/@sourabh_udasi
0,59,205600.0,41800000.0,1838813.559322034,514000.0,205600.0,4300000.0,1283240.0,818950.0,205600.0,9800000.0,1464124.0,776200.0,205600.0,41800000.0,2085786.0,547750.0,https://www.tiktok.com/@athulyaravi1
0,59,810.0,8300000.000000001,606230.8305084746,219200.0,10500.0,693700.0,136880.0,67800.0,10500.0,1100000.0,292096.0,202200.0,901.0,8300000.000000001,628578.18,227450.0,https://www.tiktok.com/@princekumarofficial1
0,54,37500.0,16399999.999999998,1825720.3703703703,586100.0,37500.0,462300.0,215710.0,137200.0,37500.0,3300000.0,458176.0,239200.0,37500.0,16399999.999999998,1880012.0,527200.0,https://www.tiktok.com/@mrchikuu
0,69,29100.0,14400000.0,1501755.072463768,566900.0,29100.0,1800000.0,853260.0,650500.0,29100.0,3800000.0,1004032.0,564500.0,29100.0,14400000.0,1432378.0,560900.0,https://www.tiktok.com/@akiphotography07
0,59,140400.0,4600000.0,661438.9830508474,321700.0,158400.0,4600000.0,987780.0,393150.0,140400.0,4600000.0,860352.0,322400.0,140400.0,4600000.0,668198.0,311500.0,https://www.tiktok.com/@bhavnamayani
0,59,33500.0,23200000.0,2294461.0169491526,440100.0,33500.0,385100.0,151090.0,109500.0,33500.0,695200.0,254508.0,281700.0,33500.0,23200000.0,1359454.0,385450.0,https://www.tiktok.com/@bollywood_newso
0,60,176200.0,18800000.0,2056200.0,1000000.0,182500.0,1300000.0,561550.0,353750.0,176200.0,3200000.0,683120.0,388000.0,176200.0,16100000.000000002,1830672.0,976350.0,https://www.tiktok.com/@reet_narulaa
0,59,5169.0,542400.0,51162.03389830508,20800.0,9304.0,119000.0,41350.4,27300.0,8128.0,313200.0,54388.68,22200.0,6508.0,542400.0,58031.36,22050.0,https://www.tiktok.com/@amaanf07
0,64,35300.0,12500000.0,648309.375,135350.0,35300.0,811300.0,247250.0,183650.0,35300.0,1100000.0,244760.0,107800.0,35300.0,3800000.0,418024.0,145500.0,https://www.tiktok.com/@shadaabshaikh1
0,57,7166.0,1200000.0,112720.1052631579,43300.0,7166.0,92600.0,42571.4,40800.0,7166.0,1200000.0,101916.56,43300.0,7166.0,1200000.0,109730.92,33600.0,https://www.tiktok.com/@abhi_07dz_
0,60,12400.0,306700.0,64471.666666666664,42200.0,12400.0,239200.0,47270.0,21100.0,12400.0,239200.0,60496.0,42900.0,12400.0,306700.0,69122.0,50400.0,https://www.tiktok.com/@nehasingh9902
0,59,8944.0,8700000.0,247325.38983050847,19600.0,13200.0,8700000.0,926440.0,26500.0,10700.0,8700000.0,446044.0,25700.0,9754.0,8700000.0,282991.08,20750.0,https://www.tiktok.com/@__chand_07
0,76,23800.0,10500000.0,1278876.3157894737,261100.0,23800.0,3600000.0,667280.0,106600.0,23800.0,10500000.0,1428140.0,253100.0,23800.0,10500000.0,1232532.0,223050.0,https://www.tiktok.com/@mr_hasnainud91
0,59,66800.0,3500000.0,643186.4406779661,368500.0,161800.0,2700000.0,741970.0,522050.0,105500.0,3500000.0,1021276.0,692700.0,66800.0,3500000.0,711662.0,457850.0,https://www.tiktok.com/@mr_sohu
0,59,1753.0,2400000.0,58187.52542372881,10700.0,1753.0,2400000.0,248877.6,8463.5,1753.0,2400000.0,118304.6,10200.0,1753.0,2400000.0,65204.98,10450.0,https://www.tiktok.com/@wasimakramshaikh91
0,60,109700.0,33700000.0,1114631.6666666667,314850.0,203500.0,4000000.0,743150.0,347200.0,203500.0,33700000.0,1984968.0,387800.0,109700.0,33700000.0,1272816.0,340400.0,https://www.tiktok.com/@zoya_jaan_
0,54,61000.0,13300000.0,579238.8888888889,198750.0,61000.0,665100.0,176510.0,103100.0,61000.0,786400.0,245000.0,159000.0,61000.0,13300000.0,530588.0,165950.0,https://www.tiktok.com/@khanamir_
0,60,36200.0,37700000.0,2076626.6666666667,546450.0,36200.0,2200000.0,611390.0,357200.0,36200.0,37700000.0,2364040.0,446100.0,36200.0,37700000.0,2377906.0,561200.0,https://www.tiktok.com/@asifkhan93529
0,52,162700.0,82300000.0,4826853.846153846,1200000.0,162700.0,82300000.0,10783200.0,1400000.0,162700.0,82300000.0,7609028.0,1600000.0,162700.0,82300000.0,4975994.0,1200000.0,https://www.tiktok.com/@hajiali.agariya62
0,59,103.0,5762.0,444.79661016949154,376.0,202.0,396.0,331.8,352.0,176.0,622.0,379.96,376.0,103.0,5762.0,482.08,384.0,https://www.tiktok.com/@sandip.red_x
0,31,382.0,1100000.0,37254.1935483871,1494.0,382.0,1310.0,675.2,574.5,382.0,1100000.0,45805.52,1518.0,382.0,1100000.0,37254.1935483871,1494.0,https://www.tiktok.com/@hrutujatamore
0,68,66.0,24500.0,949.1617647058823,472.5,66.0,638.0,364.4,334.0,66.0,3087.0,417.16,289.0,66.0,3087.0,529.68,310.0,https://www.tiktok.com/@mansoor_shaik_official
0,35,106.0,510600.0,33964.142857142855,2842.0,106.0,3425.0,1051.8,577.0,106.0,510600.0,42027.8,2805.0,106.0,510600.0,33964.142857142855,2842.0,https://www.tiktok.com/@loki_hvr
0,54,918.0,516500.0,30034.185185185186,2428.0,1256.0,57500.0,16054.1,4979.0,1200.0,516500.0,47906.56,3418.0,1051.0,516500.0,32343.14,2623.0,https://www.tiktok.com/@the_bikerbroi
0,55,96.0,820600.0,97153.45454545454,29400.0,96.0,1258.0,704.4,832.5,96.0,209900.0,35246.44,1211.0,96.0,820600.0,92546.8,25750.0,https://www.tiktok.com/@aashishkhepar
0,60,224.0,234300.0,6438.233333333334,1292.5,224.0,1188.0,758.8,663.0,224.0,2539.0,1105.72,932.0,224.0,234300.0,7193.52,1151.5,https://www.tiktok.com/@sarath_team_moonlight
0,60,391.0,428100.0,14065.1,909.5,391.0,42100.0,4800.4,579.5,391.0,74100.0,5668.6,737.0,391.0,169100.0,7009.34,855.5,https://www.tiktok.com/@chinarsachdeva00
0,72,589.0,9900000.0,146894.69444444444,2302.5,807.0,4128.0,1747.7,1436.5,659.0,4128.0,1325.08,1112.0,589.0,215200.0,7372.82,1437.5,https://www.tiktok.com/@sanayakhan333
0,54,566.0,7300000.0,274136.9074074074,22500.0,566.0,3370.0,1709.1,1359.0,566.0,2900000.0,144363.72,3763.0,566.0,7300000.0,291365.86,21800.0,https://www.tiktok.com/@karankhandelwal3
0,57,18400.0,2600000.0,152864.91228070174,50000.0,18400.0,258399.99999999997,61840.0,32000.0,18400.0,258399.99999999997,56748.0,32000.0,18400.0,429700.0,93236.0,46150.0,https://www.tiktok.com/@ankita.sri
0,57,5145.0,2800000.0,212660.57894736843,16700.0,5145.0,750300.0,142784.5,14000.0,5145.0,750300.0,91650.12,10100.0,5145.0,2800000.0,168785.06,13050.0,https://www.tiktok.com/@robinsingh474700
0,1,3881.0,3881.0,3881.0,3881.0,3881.0,3881.0,3881.0,3881.0,3881.0,3881.0,3881.0,3881.0,3881.0,3881.0,3881.0,3881.0,https://www.tiktok.com/@aaravdhar0987
0,49,69100.0,24600000.0,1994710.2040816327,779900.0,69100.0,2000000.0,434200.0,142300.0,69100.0,6000000.0,904092.0,281400.0,69100.0,24600000.0,1994710.2040816327,779900.0,https://www.tiktok.com/@khanadaa12
0,60,15300.0,6500000.0,538281.6666666666,245100.0,15300.0,551200.0,161410.0,128450.0,15300.0,1600000.0,216528.0,127800.0,15300.0,5300000.0,448600.0,242200.0,https://www.tiktok.com/@paayalrajput
0,59,51300.0,1200000.0,247691.5254237288,152500.0,58000.0,227800.0,111810.0,93700.0,51300.0,1200000.0,245280.0,156600.0,51300.0,1200000.0,268750.0,163450.0,https://www.tiktok.com/@jaskiratmaan
0,60,61100.0,3300000.0,311203.3333333333,171050.0,74400.0,1100000.0,320920.0,199000.0,64300.0,1100000.0,309480.0,235900.0,61100.0,1100000.0,281034.0,187100.0,https://www.tiktok.com/@sanakhan.21
0,57,35000.0,1400000.0,234000.0,143100.0,35000.0,254700.0,87250.0,59600.0,35000.0,490900.0,163788.0,98400.0,35000.0,1400000.0,226470.0,120350.0,https://www.tiktok.com/@officialnishankhe
0,60,151100.0,9300000.0,1371300.0,498300.0,151100.0,1600000.0,495840.0,343450.0,151100.0,9300000.0,1049688.0,424800.0,151100.0,9300000.0,1215342.0,478000.0,https://www.tiktok.com/@sangram_chougule
0,60,98000.0,11000000.0,1382145.0,741650.0,98000.0,561900.0,320820.0,383750.0,98000.0,4000000.0,688964.0,429900.0,98000.0,11000000.0,1173248.0,638550.0,https://www.tiktok.com/@sandhya_rissh
0,60,29500.0,11200000.0,1099056.6666666667,469200.0,29500.0,1900000.0,641740.0,461200.0,29500.0,9600000.0,1079552.0,497000.0,29500.0,11200000.0,1129308.0,469200.0,https://www.tiktok.com/@mansi6666
0,60,301800.0,11700000.0,2205783.3333333335,1100000.0,301800.0,3100000.0,1150460.0,669950.0,301800.0,4800000.0,1164788.0,650600.0,301800.0,11700000.0,1730940.0,952200.0,https://www.tiktok.com/@shamitashettyofficial
0,55,6.0,10700.0,918.3636363636364,81.0,6.0,106.0,49.8,62.0,6.0,110.0,50.76,56.0,6.0,10700.0,996.84,76.0,https://www.tiktok.com/@nancysharma70
0,60,75.0,886.0,171.01666666666668,115.0,195.0,886.0,428.0,365.0,91.0,886.0,266.72,195.0,75.0,886.0,185.46,119.0,https://www.tiktok.com/@miss_charu7
0,21,168.0,169000.0,8648.857142857143,416.0,168.0,169000.0,17309.5,319.5,168.0,169000.0,8648.857142857143,416.0,168.0,169000.0,8648.857142857143,416.0,https://www.tiktok.com/@athiraashok24
0,70,131.0,224800.0,3844.4,355.0,131.0,779.0,307.0,225.0,131.0,3997.0,586.44,359.0,131.0,224800.0,5096.86,388.5,https://www.tiktok.com/@vijinviswanath
0,14,132.0,21700.0,6853.071428571428,9809.5,132.0,21700.0,8523.0,10200.0,132.0,21700.0,6853.071428571428,9809.5,132.0,21700.0,6853.071428571428,9809.5,https://www.tiktok.com/@ladlachora101
0,55,55.0,20300.0,1018.4181818181818,549.0,55.0,3287.0,825.6,410.5,55.0,3287.0,653.32,494.0,55.0,20300.0,1060.22,548.5,https://www.tiktok.com/@indora8090
0,61,56.0,23600.0,854.7213114754098,369.0,228.0,23600.0,2670.9,340.5,87.0,23600.0,1223.88,331.0,60.0,23600.0,975.0,364.5,https://www.tiktok.com/@jagrajsandhu066
0,3,0.0,503.0,168.0,1.0,0.0,503.0,168.0,1.0,0.0,503.0,168.0,1.0,0.0,503.0,168.0,1.0,https://www.tiktok.com/@nikhilchauhan706
0,60,112.0,91700.0,2319.3333333333335,703.0,153.0,2054.0,696.7,648.5,153.0,2054.0,596.76,593.0,112.0,91700.0,2602.96,660.5,https://www.tiktok.com/@punjot
0,59,11.0,326.0,61.101694915254235,50.0,11.0,78.0,31.8,30.0,11.0,326.0,59.32,39.0,11.0,326.0,61.54,49.0,https://www.tiktok.com/@shahjadaamansk
0,50,253.0,72700.0,6717.56,831.0,903.0,72700.0,18913.1,1432.0,560.0,72700.0,8430.8,1203.0,253.0,72700.0,6717.56,831.0,https://www.tiktok.com/@bajrang_masal
0,39,217.0,520799.99999999994,14302.076923076924,859.0,313.0,1236.0,843.6,925.5,313.0,520799.99999999994,22004.44,1091.0,217.0,520799.99999999994,14302.076923076924,859.0,https://www.tiktok.com/@sayeed.sweet
0,59,68.0,41500.0,2081.5254237288136,834.0,68.0,691.0,276.4,217.0,68.0,750.0,278.08,210.0,68.0,41500.0,1536.36,565.5,https://www.tiktok.com/@bangbonkmemes
0,6,152.0,562.0,398.0,431.0,152.0,562.0,398.0,431.0,152.0,562.0,398.0,431.0,152.0,562.0,398.0,431.0,https://www.tiktok.com/@sanju0683
0,4,5.0,88.0,31.25,16.0,5.0,88.0,31.25,16.0,5.0,88.0,31.25,16.0,5.0,88.0,31.25,16.0,https://www.tiktok.com/@farhan_7865
0,60,197.0,19400.0,1032.7833333333333,505.0,200.0,742.0,394.8,370.5,200.0,6354.0,731.08,466.0,200.0,19400.0,1145.12,515.5,https://www.tiktok.com/@princesandhu0039
0,0,0.0,0.0,0.0,0.0,0.0,0.0,0.0,0.0,,,,,0.0,0.0,0.0,0.0,https://www.tiktok.com/@sami.__.93
0,45,209.0,1712.0,610.5555555555555,470.0,355.0,1712.0,1004.0,978.0,355.0,1712.0,700.68,483.0,209.0,1712.0,610.5555555555555,470.0,https://www.tiktok.com/@zidu.x
0,69,40.0,10300.0,939.6231884057971,690.0,40.0,1057.0,543.4,579.0,40.0,2144.0,923.28,893.0,40.0,2870.0,896.98,737.5,https://www.tiktok.com/@rithikrajk
0,60,278.0,3233.0,441.93333333333334,394.0,329.0,3233.0,654.8,378.5,278.0,3233.0,469.64,349.0,278.0,3233.0,446.12,390.5,https://www.tiktok.com/@starterayaar909
0,59,13.0,11200.0,1682.8983050847457,68.0,13.0,76.0,38.8,36.0,13.0,171.0,61.56,49.0,13.0,11200.0,1043.26,63.5,https://www.tiktok.com/@mr_faisalkhan5
0,60,191.0,306200.0,10005.733333333334,407.0,191.0,810.0,315.5,237.5,191.0,3612.0,609.8,355.0,191.0,306200.0,11931.62,461.0,https://www.tiktok.com/@sundar067
0,0,0.0,0.0,0.0,0.0,0.0,0.0,0.0,0.0,,,,,0.0,0.0,0.0,0.0,https://www.tiktok.com/@ll__slayerrr_ll
0,44,134.0,3100000.0,71021.95454545454,479.0,146.0,702.0,400.5,457.0,146.0,713.0,424.16,429.0,134.0,3100000.0,71021.95454545454,479.0,https://www.tiktok.com/@mayur_dhodia
0,55,29.0,470.0,154.45454545454547,138.0,29.0,301.0,159.7,149.0,29.0,301.0,141.52,138.0,29.0,470.0,158.52,139.0,https://www.tiktok.com/@sakshigupta.14
0,48,114.0,428700.0,11099.6875,589.0,437.0,428700.0,44121.8,1066.5,300.0,428700.0,20852.24,760.0,114.0,428700.0,11099.6875,589.0,https://www.tiktok.com/@donaannaugustine
0,72,37.0,2224.0,406.93055555555554,328.5,37.0,2224.0,532.9,388.5,37.0,2224.0,558.96,442.0,37.0,2224.0,452.14,338.5,https://www.tiktok.com/@subway_surfer1001
0,60,26.0,1800000.0,30355.483333333334,285.0,26.0,535.0,185.8,149.5,26.0,615.0,240.84,277.0,26.0,1800000.0,36387.84,295.0,https://www.tiktok.com/@rudr009
0,56,25.0,21800.0,748.3214285714286,306.5,25.0,622.0,144.2,64.0,25.0,1665.0,213.32,117.0,25.0,21800.0,800.34,306.5,https://www.tiktok.com/@gujju_girl_143
0,60,91.0,11700.0,654.0,358.0,221.0,3468.0,1095.4,641.0,135.0,3468.0,686.88,442.0,91.0,11700.0,744.2,401.0,https://www.tiktok.com/@itz_me_miracker
0,59,66.0,8617.0,530.3050847457627,298.0,74.0,561.0,341.6,356.5,74.0,5292.0,514.2,317.0,66.0,8617.0,571.64,305.5,https://www.tiktok.com/@mr._aryan_ji
0,56,616.0,68300.0,2868.0714285714284,933.0,616.0,1674.0,907.7,844.0,616.0,3291.0,988.36,848.0,616.0,68300.0,3094.22,918.0,https://www.tiktok.com/@dharmesh_solanki8
0,55,1206.0,275000.0,9921.054545454546,2375.0,1511.0,275000.0,29347.8,2008.0,1511.0,275000.0,14816.56,2615.0,1511.0,275000.0,10763.22,2429.5,https://www.tiktok.com/@jayrajsinh_dholera
0,72,87.0,180200.0,4448.777777777777,857.5,867.0,1623.0,1216.8,1146.0,711.0,1623.0,992.0,914.0,475.0,1623.0,914.5,865.5,https://www.tiktok.com/@athul...ak
0,57,98.0,3414.0,441.36842105263156,336.0,155.0,424.0,235.1,222.5,98.0,995.0,297.88,236.0,98.0,3414.0,449.52,320.0,https://www.tiktok.com/@komaltiwari399
0,60,37.0,34800.0,1230.4166666666667,296.0,37.0,555.0,213.6,159.0,37.0,34800.0,1586.84,135.0,37.0,34800.0,1424.18,302.0,https://www.tiktok.com/@akhildiehardpkjanasena
0,60,40.0,6235.0,337.7,136.0,40.0,1560.0,543.5,534.0,40.0,6235.0,595.84,178.0,40.0,6235.0,383.74,148.0,https://www.tiktok.com/@mr.govindkumawat090
0,56,69.0,720500.0,13653.5,337.5,69.0,714.0,263.7,272.0,69.0,25800.0,1308.88,278.0,69.0,25800.0,824.9,324.5,https://www.tiktok.com/@rakshan120
0,60,303.0,11500.0,1780.7833333333333,1357.0,845.0,1882.0,1193.6,1070.5,845.0,2210.0,1268.44,1131.0,303.0,9872.0,1534.5,1302.5,https://www.tiktok.com/@happysoulever2
0,53,162.0,89300.0,3234.867924528302,469.0,347.0,55900.0,6052.5,468.0,276.0,89300.0,6390.36,487.0,162.0,89300.0,3406.14,472.0,https://www.tiktok.com/@deepaksingh.07
0,60,72.0,2214.0,605.5,419.5,72.0,2214.0,756.1,479.5,72.0,2214.0,506.0,397.0,72.0,2214.0,551.9,408.5,https://www.tiktok.com/@0478wala
0,60,44.0,24800.0,1029.75,286.0,44.0,487.0,251.2,211.0,44.0,24800.0,1301.24,240.0,44.0,24800.0,1174.54,304.5,https://www.tiktok.com/@ajaymakwana8295_official
0,55,173.0,2089.0,476.6909090909091,459.0,228.0,684.0,475.6,490.5,222.0,2089.0,605.4,518.0,173.0,2089.0,478.94,449.0,https://www.tiktok.com/@reddygaariabbai143
0,60,10.0,144200.0,4956.533333333334,293.5,10.0,152.0,51.1,37.5,10.0,375.0,114.2,61.0,10.0,144200.0,3458.38,172.0,https://www.tiktok.com/@dhaval_7777
0,59,377.0,2500000.0,48936.254237288136,2029.0,377.0,29200.0,3570.3,807.0,377.0,29200.0,4509.36,1020.0,377.0,2500000.0,56007.98,1767.0,https://www.tiktok.com/@aniketkudale9311
0,79,163.0,123500.0,3690.0759493670885,604.0,163.0,2000.0,620.9,549.0,163.0,2000.0,505.24,457.0,163.0,113600.0,3003.26,540.5,https://www.tiktok.com/@devadaru98
0,37,308.0,327200.0,16720.567567567567,1703.0,308.0,327200.0,43724.6,1831.0,308.0,327200.0,22093.08,1653.0,308.0,327200.0,16720.567567567567,1703.0,https://www.tiktok.com/@donprabu001
0,22,85.0,746000.0,34862.22727272727,919.5,85.0,1281.0,576.6,564.5,85.0,746000.0,34862.22727272727,919.5,85.0,746000.0,34862.22727272727,919.5,https://www.tiktok.com/@ambujpatel
0,53,253.0,696500.0,17498.415094339623,922.0,584.0,696500.0,86412.2,2135.5,584.0,696500.0,36392.2,1760.0,401.0,696500.0,18529.12,991.0,https://www.tiktok.com/@arjun_v_ramesh
0,58,118.0,1527.0,434.6551724137931,382.0,118.0,816.0,488.0,508.0,118.0,986.0,402.12,461.0,118.0,986.0,364.72,336.0,https://www.tiktok.com/@noughtyniks
0,56,560.0,247500.0,22493.89285714286,4475.5,560.0,168000.0,27186.4,7272.5,560.0,247500.0,33879.84,5013.0,560.0,247500.0,24354.24,4959.5,https://www.tiktok.com/@puneetsachdeva16
0,42,230.0,34800.0,4317.214285714285,697.5,230.0,2970.0,815.8,461.0,230.0,34800.0,2152.16,401.0,230.0,34800.0,4317.214285714285,697.5,https://www.tiktok.com/@143_yogesh_
0,56,55.0,3177.0,674.0178571428571,475.0,55.0,557.0,231.3,173.0,55.0,1022.0,323.84,220.0,55.0,2141.0,548.16,453.0,https://www.tiktok.com/@gopal__bharavad
0,60,1030.0,54000.0,7585.333333333333,2068.5,1142.0,54000.0,14188.4,6510.0,1030.0,54000.0,8633.8,2235.0,1030.0,54000.0,8526.68,2157.0,https://www.tiktok.com/@ahir_deep_dav
0,60,160.0,15600.0,1517.6666666666667,703.5,304.0,2872.0,860.1,539.0,253.0,7562.0,1201.84,667.0,253.0,15600.0,1575.24,902.5,https://www.tiktok.com/@mangeshchatare
0,49,204.0,3700000.0,77380.59183673469,942.0,204.0,1249.0,689.9,666.5,204.0,2282.0,805.12,678.0,204.0,3700000.0,77380.59183673469,942.0,https://www.tiktok.com/@kk_edit_0
0,78,61.0,481300.0,13646.5,540.0,61.0,2669.0,764.5,385.0,61.0,481300.0,39577.92,1759.0,61.0,481300.0,21161.56,1396.0,https://www.tiktok.com/@fkofficial5
0,66,123.0,2814.0,531.1666666666666,521.5,240.0,738.0,479.6,503.0,197.0,861.0,439.84,405.0,123.0,2814.0,516.82,474.0,https://www.tiktok.com/@bhuvanmagic
0,0,0.0,0.0,0.0,0.0,0.0,0.0,0.0,0.0,,,,,0.0,0.0,0.0,0.0,https://www.tiktok.com/@sam_ridhijangir
0,60,64.0,91800.0,2840.866666666667,516.5,64.0,528.0,359.6,371.0,64.0,91800.0,4001.96,385.0,64.0,91800.0,2283.18,495.0,https://www.tiktok.com/@rohitkumar9731
0,60,40.0,21500.0,1368.6,174.0,40.0,1062.0,256.2,129.0,40.0,21500.0,1390.84,130.0,40.0,21500.0,1292.06,149.0,https://www.tiktok.com/@vamshimedishetti
0,57,122.0,12400.0,2549.59649122807,1873.0,122.0,5767.0,1557.3,1102.5,122.0,6175.0,1890.96,1268.0,122.0,12400.0,2607.26,1841.0,https://www.tiktok.com/@abhi_negii69
0,12,126.0,1558.0,591.25,543.0,126.0,1558.0,624.1,543.0,126.0,1558.0,591.25,543.0,126.0,1558.0,591.25,543.0,https://www.tiktok.com/@nisurajgupta
0,55,28.0,3263.0,215.0909090909091,132.0,28.0,533.0,194.7,131.5,28.0,3263.0,302.0,151.0,28.0,3263.0,223.86,131.5,https://www.tiktok.com/@kalyancheckzzii
0,35,308.0,1184.0,619.8571428571429,582.0,405.0,1184.0,571.3,528.5,308.0,1184.0,583.8,529.0,308.0,1184.0,619.8571428571429,582.0,https://www.tiktok.com/@priya_kumari9
0,59,60.0,25100.0,571.3220338983051,140.0,60.0,314.0,118.7,89.5,60.0,25100.0,1145.84,155.0,60.0,25100.0,640.92,142.5,https://www.tiktok.com/@dolly_krishna_official
0,19,564.0,358500.0,24031.947368421053,1097.0,564.0,2712.0,1019.4,846.0,564.0,358500.0,24031.947368421053,1097.0,564.0,358500.0,24031.947368421053,1097.0,https://www.tiktok.com/@roaringrathod
0,59,962.0,401700.0,18432.033898305086,3490.0,962.0,17900.0,4613.9,3488.5,962.0,205100.0,12505.6,4034.0,962.0,401700.0,15987.94,3495.5,https://www.tiktok.com/@ditosastha
0,60,24.0,812.0,368.4,421.5,24.0,349.0,179.4,146.5,24.0,519.0,240.84,214.0,24.0,812.0,334.0,288.5,https://www.tiktok.com/@naik_vishu
0,76,368.0,64200.0,4766.513157894737,1563.0,750.0,3782.0,1614.6,1439.0,486.0,64200.0,6635.52,1652.0,486.0,64200.0,5941.16,1874.5,https://www.tiktok.com/@sumithltte
0,63,42.0,1700000.0,29574.88888888889,415.0,42.0,317.0,196.8,209.5,42.0,427.0,201.8,154.0,42.0,3420.0,516.34,319.5,https://www.tiktok.com/@health_preserver
0,60,322.0,153100.0,6205.233333333334,2032.0,322.0,3134.0,1586.0,1474.5,322.0,23300.0,2925.12,2031.0,322.0,48500.0,3667.98,2007.5,https://www.tiktok.com/@dr.gagandeepksandhu
0,60,340.0,3571.0,771.65,661.0,431.0,3571.0,1157.4,825.5,415.0,3571.0,948.96,771.0,340.0,3571.0,808.2,675.5,https://www.tiktok.com/@aastha_jhuria
0,54,15.0,721900.0,15250.62962962963,633.5,15.0,721900.0,72674.6,609.5,15.0,721900.0,30013.96,609.0,15.0,721900.0,15593.84,596.0,https://www.tiktok.com/@karthi_sparta
0,55,519.0,666900.0,39137.63636363636,2251.0,519.0,666900.0,69349.0,3702.0,519.0,666900.0,50621.12,2647.0,519.0,666900.0,29402.74,2211.0,https://www.tiktok.com/@_heddwch_
0,60,314.0,1389.0,562.8,449.5,370.0,1389.0,767.0,733.0,370.0,1389.0,726.6,723.0,314.0,1389.0,583.1,500.5,https://www.tiktok.com/@beuty_khan9
0,57,6.0,1200000.0,39475.333333333336,639.0,58.0,540.0,161.7,81.5,58.0,6271.0,605.96,357.0,6.0,1200000.0,44921.94,675.0,https://www.tiktok.com/@thechacolateboy0007
0,57,133.0,55000.0,4932.684210526316,1330.0,133.0,55000.0,12014.3,1585.0,133.0,55000.0,9568.32,1599.0,133.0,55000.0,5464.14,1328.0,https://www.tiktok.com/@1rakesh2
0,73,46.0,16500.0,533.3972602739726,294.0,46.0,412.0,307.2,318.5,46.0,477.0,258.92,297.0,46.0,1148.0,329.02,310.5,https://www.tiktok.com/@ysrsugan
0,22,257.0,604200.0,77742.18181818182,9532.0,257.0,604200.0,123357.2,9532.0,257.0,604200.0,77742.18181818182,9532.0,257.0,604200.0,77742.18181818182,9532.0,https://www.tiktok.com/@theyellowdiary
0,2,1795.0,2235.0,2015.0,2015.0,1795.0,2235.0,2015.0,2015.0,1795.0,2235.0,2015.0,2015.0,1795.0,2235.0,2015.0,2015.0,https://www.tiktok.com/@carlaruthdennis
0,60,309.0,108800.0,5503.033333333334,860.5,459.0,1526.0,734.9,609.0,309.0,108800.0,5387.84,688.0,309.0,108800.0,4330.22,784.0,https://www.tiktok.com/@gurmeetsinghgatka
0,54,5293.0,119500.0,26459.61111111111,17050.0,5293.0,119500.0,40273.9,29700.0,5293.0,119500.0,28592.76,19200.0,5293.0,119500.0,24474.38,16850.0,https://www.tiktok.com/@sunshineaanchar
0,45,197.0,564700.0,25428.6,2986.0,197.0,3163.0,1615.8,1300.5,197.0,99200.0,8113.44,3194.0,197.0,564700.0,25428.6,2986.0,https://www.tiktok.com/@jiju_jas
0,60,93.0,109000.0,3115.9166666666665,782.0,93.0,2134.0,710.5,545.5,93.0,5108.0,1064.6,707.0,93.0,7810.0,1081.62,717.5,https://www.tiktok.com/@nityanand4424
0,59,116.0,914.0,385.7457627118644,314.0,138.0,568.0,347.8,352.0,138.0,914.0,365.84,296.0,116.0,914.0,375.14,311.5,https://www.tiktok.com/@vijayprincezz
0,38,1022.0,851200.0,57241.71052631579,13850.0,1022.0,14300.0,4848.0,3206.5,1022.0,851200.0,79277.6,10200.0,1022.0,851200.0,57241.71052631579,13850.0,https://www.tiktok.com/@sahil_dhamale
0,60,79.0,1733.0,657.3,618.5,79.0,1051.0,527.9,618.5,79.0,1733.0,776.0,806.0,79.0,1733.0,677.8,657.5,https://www.tiktok.com/@aalappuzhakkaran
0,55,483.0,1400000.0,28780.854545454546,1473.0,1029.0,54300.0,7018.4,1594.0,1029.0,54300.0,4713.4,1586.0,742.0,1400000.0,31588.64,1533.0,https://www.tiktok.com/@shihabcherushola0
0,59,481.0,627000.0,18310.915254237287,2399.0,785.0,199600.0,21032.6,1015.0,785.0,627000.0,38707.2,6303.0,723.0,627000.0,21418.82,2794.5,https://www.tiktok.com/@sonalirawat38
0,59,471.0,253900.0,11953.915254237289,1172.0,632.0,36900.0,5351.7,954.5,507.0,36900.0,3062.32,939.0,471.0,253900.0,11067.44,1100.5,https://www.tiktok.com/@_shubh_mittal_
0,57,91.0,4458.0,616.0877192982456,525.0,91.0,1338.0,483.3,234.5,91.0,2369.0,650.12,569.0,91.0,2369.0,492.6,522.5,https://www.tiktok.com/@official.lehal
0,55,188.0,2100000.0,39597.36363636364,834.0,188.0,702.0,372.5,320.5,188.0,2398.0,582.44,471.0,188.0,2100000.0,43231.1,832.0,https://www.tiktok.com/@sweetysnehal
0,60,130.0,419700.0,8114.65,475.5,130.0,12500.0,1870.4,495.5,130.0,12500.0,1079.36,451.0,130.0,12500.0,990.2,421.5,https://www.tiktok.com/@summibhadana
0,59,437.0,96600.0,4427.254237288135,1665.0,437.0,3690.0,1506.3,1216.5,437.0,96600.0,7134.48,1377.0,437.0,96600.0,4611.18,1595.0,https://www.tiktok.com/@made_in_mandya
0,59,325.0,60700.0,2527.6101694915255,960.0,325.0,4607.0,1839.3,1033.5,325.0,4607.0,1436.0,1099.0,325.0,60700.0,2522.38,1000.5,https://www.tiktok.com/@ajay_kabaddi_rakhi
0,59,322.0,4529.0,927.0169491525423,645.0,348.0,4529.0,976.3,512.5,322.0,4529.0,1065.4,714.0,322.0,4529.0,986.44,689.0,https://www.tiktok.com/@premprem1430
0,60,132.0,9982.0,881.7333333333333,586.0,279.0,477.0,379.5,385.0,132.0,627.0,439.56,443.0,132.0,7567.0,716.78,556.5,https://www.tiktok.com/@deepak73000
0,60,125.0,1210.0,431.48333333333335,396.5,133.0,558.0,334.6,322.5,133.0,1011.0,491.04,455.0,133.0,1210.0,478.66,432.0,https://www.tiktok.com/@shafeeq_sha_04
0,63,508.0,3000000.0,65148.555555555555,1176.0,1017.0,681100.0,69867.8,2014.0,734.0,681100.0,28563.12,1176.0,689.0,3000000.0,81905.78,1303.5,https://www.tiktok.com/@udit_mak_
0,35,169.0,1300000.0,116545.34285714285,21500.0,169.0,370700.0,59109.0,5373.0,169.0,1300000.0,149931.48,18500.0,169.0,1300000.0,116545.34285714285,21500.0,https://www.tiktok.com/@vivekparat01
0,58,110.0,77400.0,1643.155172413793,226.0,167.0,77400.0,8129.4,399.5,127.0,77400.0,3371.36,223.0,110.0,77400.0,1832.36,210.5,https://www.tiktok.com/@dipikka.vish
0,59,113.0,14000.0,893.0,546.0,113.0,1723.0,596.1,504.0,113.0,1723.0,791.84,651.0,113.0,1723.0,687.84,548.0,https://www.tiktok.com/@sihag_muzik
0,59,502.0,195900.0,6868.118644067797,1578.0,1436.0,8102.0,3150.0,2054.0,1169.0,195900.0,10728.72,1836.0,686.0,195900.0,6721.62,1580.5,https://www.tiktok.com/@_imgopika_
0,72,77.0,211500.0,3593.2361111111113,570.5,77.0,889.0,428.0,420.5,77.0,889.0,443.68,496.0,77.0,4016.0,567.18,524.5,https://www.tiktok.com/@surajshaw_offical
0,60,379.0,4400000.0,74507.6,1227.5,1175.0,2611.0,1573.9,1364.5,982.0,4400000.0,177370.52,1304.0,655.0,4400000.0,89293.36,1280.0,https://www.tiktok.com/@soujanyagoud717
0,57,83.0,1728.0,651.1052631578947,628.0,83.0,1158.0,494.1,473.0,83.0,1728.0,634.24,606.0,83.0,1728.0,672.46,638.5,https://www.tiktok.com/@shanya_sinha03
0,75,405.0,2700000.0,50646.62666666666,2808.0,405.0,10800.0,2104.7,1135.0,405.0,421500.0,26324.24,2808.0,405.0,2700000.0,73083.0,3788.5,https://www.tiktok.com/@jeevandancerjeeva
0,60,61.0,105800.0,1997.3,147.0,341.0,829.0,520.3,507.5,124.0,105800.0,4615.52,401.0,61.0,105800.0,2368.8,192.0,https://www.tiktok.com/@riya22sharma
0,51,190.0,63000.0,2709.3529411764707,608.0,196.0,63000.0,8029.4,765.0,190.0,63000.0,3565.16,542.0,190.0,63000.0,2748.46,594.5,https://www.tiktok.com/@deepannaabhimani
0,58,1453.0,3500000.0,83074.37931034483,4285.5,1526.0,82500.0,14322.0,4151.5,1526.0,111600.0,23361.48,4426.0,1453.0,111600.0,17439.54,3622.5,https://www.tiktok.com/@bittumandabishnoi
0,52,275.0,2600000.0,56456.96153846154,1853.0,275.0,888.0,519.4,444.5,275.0,112900.0,7135.72,888.0,275.0,2600000.0,58684.6,1951.0,https://www.tiktok.com/@santhoshkcalive
0,70,375.0,5400000.0,106234.22857142857,1779.5,436.0,1362.0,820.7,846.5,436.0,141300.0,8296.28,1611.0,436.0,5400000.0,147873.86,3324.5,https://www.tiktok.com/@bongbrownie
0,60,23.0,1011.0,165.08333333333334,110.0,23.0,68.0,40.9,37.5,23.0,165.0,70.92,65.0,23.0,1011.0,125.86,102.0,https://www.tiktok.com/@sukhman3736
0,60,108.0,7080.0,637.5,403.0,185.0,983.0,459.5,417.5,185.0,7080.0,885.96,481.0,132.0,7080.0,711.92,432.0,https://www.tiktok.com/@snehasgowda_16
0,58,141.0,3360.0,1167.9655172413793,999.5,737.0,1122.0,887.0,856.0,737.0,1258.0,969.24,943.0,141.0,3360.0,1110.48,979.5,https://www.tiktok.com/@jilla9426
0,59,199.0,311400.0,10374.406779661016,1134.0,199.0,21000.0,2720.3,750.5,199.0,31800.0,3246.24,776.0,199.0,57000.0,5082.32,1095.0,https://www.tiktok.com/@catieaboy_
0,55,359.0,5600000.0,106940.90909090909,963.0,359.0,17600.0,2380.1,624.0,359.0,17600.0,1433.68,710.0,359.0,5600000.0,117145.06,879.0,https://www.tiktok.com/@gabbar_singh13
0,58,236.0,1300000.0,39107.55172413793,4658.0,236.0,2654.0,1418.8,1393.0,236.0,1300000.0,61614.36,2386.0,236.0,1300000.0,40465.84,4386.5,https://www.tiktok.com/@alistarkdj
0,60,310.0,1600000.0,84761.01666666666,773.5,510.0,549500.0,104728.1,872.5,479.0,549500.0,42265.72,642.0,310.0,1600000.0,101582.52,858.5,https://www.tiktok.com/@monsterenergyindia
0,0,0.0,0.0,0.0,0.0,0.0,0.0,0.0,0.0,,,,,0.0,0.0,0.0,0.0,https://www.tiktok.com/@kansau
0,53,6893.0,556600.0,54047.03773584906,18700.0,6893.0,556600.0,87779.3,20400.0,6893.0,556600.0,57991.72,19100.0,6893.0,556600.0,56327.86,19050.0,https://www.tiktok.com/@devender_ahlawat
0,24,684.0,2300000.0,101832.83333333333,2565.5,684.0,44300.0,9017.8,1192.5,684.0,2300000.0,101832.83333333333,2565.5,684.0,2300000.0,101832.83333333333,2565.5,https://www.tiktok.com/@rahulchaudhary68
0,52,23.0,519299.99999999994,11632.961538461539,433.0,23.0,360.0,114.0,75.0,23.0,871.0,260.52,195.0,23.0,519299.99999999994,11501.62,432.5,https://www.tiktok.com/@mr.lalitk
0,59,81.0,12600000.0,214298.62711864407,435.0,118.0,12600000.0,1261217.6,1416.0,118.0,12600000.0,505278.4,1188.0,114.0,12600000.0,252847.54,590.5,https://www.tiktok.com/@mukeshkanojiya0
0,21,3403.0,354000.0,23199.619047619046,6593.0,3403.0,11600.0,6868.5,6407.0,3403.0,354000.0,23199.619047619046,6593.0,3403.0,354000.0,23199.619047619046,6593.0,https://www.tiktok.com/@nikitakurienz
0,57,154.0,1600000.0,62585.771929824565,1806.0,154.0,439.0,286.3,252.0,154.0,380300.0,16249.2,404.0,154.0,1600000.0,65625.24,1699.5,https://www.tiktok.com/@_mady_gokul
0,35,585.0,155600.0,6448.4857142857145,1980.0,1148.0,155600.0,17789.1,2558.5,859.0,155600.0,8205.92,1835.0,585.0,155600.0,6448.4857142857145,1980.0,https://www.tiktok.com/@_laughing_devil_
0,58,172.0,50000.0,1960.5862068965516,673.5,175.0,899.0,360.6,308.5,172.0,1039.0,436.32,384.0,172.0,7787.0,1156.74,672.5,https://www.tiktok.com/@y_honey_yadav2200
0,59,399.0,37700.0,3523.9322033898306,1665.0,399.0,1316.0,810.9,811.5,399.0,36000.0,2405.0,943.0,399.0,36000.0,2949.22,1453.0,https://www.tiktok.com/@sparklingaditi
0,61,565.0,3075.0,1617.0655737704917,1526.0,565.0,3075.0,1476.7,1344.0,565.0,3075.0,1642.0,1702.0,565.0,3075.0,1601.18,1526.0,https://www.tiktok.com/@prabhudevadhee405
0,52,4913.0,511200.0,34924.480769230766,17850.0,4913.0,37400.0,17970.9,12850.0,4913.0,47600.0,20457.28,16300.0,4913.0,511200.0,35884.42,19050.0,https://www.tiktok.com/@ishaanv11
0,55,4757.0,118900.0,21137.436363636363,12900.0,8013.0,118900.0,31223.2,17700.0,7443.0,118900.0,24851.76,13100.0,5405.0,118900.0,22148.0,13000.0,https://www.tiktok.com/@prandeep3
0,70,175.0,57300.0,2968.4714285714285,594.0,188.0,1150.0,608.1,621.0,188.0,57300.0,6355.44,779.0,188.0,57300.0,3496.9,645.0,https://www.tiktok.com/@swamy787878
0,59,45.0,3100000.0,53241.8813559322,464.0,45.0,1446.0,810.8,891.0,45.0,3100000.0,125118.28,958.0,45.0,3100000.0,62749.46,537.5,https://www.tiktok.com/@krishkrish933
0,60,177.0,94700.0,3513.266666666667,1500.5,532.0,1662.0,787.7,689.5,251.0,2091.0,780.64,636.0,177.0,94700.0,3223.2,828.5,https://www.tiktok.com/@crcm3289
0,54,1894.0,5200000.0,133503.22222222222,3131.5,2061.0,1500000.0,155125.2,2921.5,1894.0,1500000.0,65158.24,2774.0,1894.0,5200000.0,141292.42,3056.5,https://www.tiktok.com/@mad_musicc
0,60,180.0,14300.0,1020.8833333333333,694.5,381.0,14300.0,2002.3,702.5,180.0,14300.0,1170.84,679.0,180.0,14300.0,958.96,663.0,https://www.tiktok.com/@pindersaini69
0,39,83.0,2800000.0,79671.23076923077,3173.0,83.0,566.0,298.9,320.5,83.0,2800000.0,114905.88,1058.0,83.0,2800000.0,79671.23076923077,3173.0,https://www.tiktok.com/@vijeshrajsachu5
0,44,5433.0,349700.0,42626.40909090909,17450.0,16600.0,177200.0,70340.0,59300.0,6994.0,349700.0,61512.72,42100.0,5433.0,349700.0,42626.40909090909,17450.0,https://www.tiktok.com/@_shreya_vinny_
0,53,213.0,2915.0,1114.9056603773586,1112.0,213.0,768.0,561.9,573.5,213.0,1553.0,934.48,987.0,213.0,2915.0,1103.12,1078.0,https://www.tiktok.com/@rick_bhargav
0,53,829.0,177000.0,5322.8490566037735,1364.0,829.0,10200.0,2946.5,2312.5,829.0,177000.0,9740.52,1869.0,829.0,177000.0,5532.36,1361.5,https://www.tiktok.com/@ursuhudgi.aishu143
0,26,1420.0,1600000.0,228002.26923076922,26900.0,1420.0,295200.0,86227.8,9005.5,1420.0,1600000.0,235750.36,25600.0,1420.0,1600000.0,228002.26923076922,26900.0,https://www.tiktok.com/@risingaditi
0,61,86.0,1023.0,286.672131147541,195.0,147.0,489.0,232.8,174.0,86.0,517.0,257.12,179.0,86.0,577.0,273.42,196.5,https://www.tiktok.com/@viyersujatha5
0,60,135.0,3300000.0,56229.316666666666,697.5,135.0,758.0,532.3,589.0,135.0,932.0,495.44,481.0,135.0,9139.0,1313.92,645.0,https://www.tiktok.com/@pachi_valmiki02
0,4,47300.0,250200.0,116325.0,83900.0,47300.0,250200.0,116325.0,83900.0,47300.0,250200.0,116325.0,83900.0,47300.0,250200.0,116325.0,83900.0,https://www.tiktok.com/@kkriders
0,54,84.0,39300.0,1087.2037037037037,313.0,84.0,423.0,247.3,262.0,84.0,710.0,336.8,297.0,84.0,39300.0,1133.96,313.0,https://www.tiktok.com/@thizizmeghna
0,53,1482.0,1400000.0,73992.30188679245,10700.0,1482.0,10100.0,4566.0,3446.0,1482.0,32800.0,9023.52,6107.0,1482.0,1400000.0,75959.84,10500.0,https://www.tiktok.com/@gauravpadale90
0,8,321.0,11300.0,3938.0,2492.5,321.0,11300.0,3938.0,2492.5,321.0,11300.0,3938.0,2492.5,321.0,11300.0,3938.0,2492.5,https://www.tiktok.com/@abccreation_
0,60,987.0,3088.0,2277.65,2295.5,987.0,2166.0,1532.3,1507.5,987.0,2692.0,1963.28,2096.0,987.0,2984.0,2244.84,2274.0,https://www.tiktok.com/@rishikarana716
0,60,957.0,19200.0,3103.016666666667,2248.5,1226.0,10900.0,3970.0,2944.5,1078.0,10900.0,3010.68,2574.0,957.0,19200.0,3072.6,2246.5,https://www.tiktok.com/@anjukarki11
0,0,0.0,0.0,0.0,0.0,0.0,0.0,0.0,0.0,,,,,0.0,0.0,0.0,0.0,https://www.tiktok.com/@durgeshsonii_
0,46,784.0,909400.0,25972.565217391304,3548.5,2567.0,32800.0,9446.2,6494.0,2091.0,909400.0,46005.0,5153.0,784.0,909400.0,25972.565217391304,3548.5,https://www.tiktok.com/@tanwar_naman
0,13,1009.0,1200000.0,112993.92307692308,20500.0,1009.0,35000.0,18082.1,14750.0,1009.0,1200000.0,112993.92307692308,20500.0,1009.0,1200000.0,112993.92307692308,20500.0,https://www.tiktok.com/@happychetan2025
0,54,783.0,1100000.0,56408.77777777778,2197.5,783.0,838900.0,85662.5,2354.0,783.0,838900.0,66956.56,2102.0,783.0,1100000.0,60805.02,2270.5,https://www.tiktok.com/@anushakh7
0,56,280.0,232100.0,7180.482142857143,1051.5,708.0,15700.0,2697.9,965.0,280.0,232100.0,10761.52,833.0,280.0,232100.0,7854.32,1040.5,https://www.tiktok.com/@arshidazeem
0,36,8001.0,353600.0,47159.416666666664,33350.0,27000.0,106800.0,43360.0,34000.0,23700.0,353600.0,55960.0,34600.0,8001.0,353600.0,47159.416666666664,33350.0,https://www.tiktok.com/@sambhavnaseth
0,31,1.0,946.0,449.83870967741933,372.0,1.0,222.0,61.8,29.5,1.0,946.0,355.44,199.0,1.0,946.0,449.83870967741933,372.0,https://www.tiktok.com/@editors_choice
0,56,125.0,7776.0,583.0,348.0,134.0,1280.0,452.1,403.5,125.0,1280.0,396.84,341.0,125.0,7776.0,618.68,369.0,https://www.tiktok.com/@priya_warrior1523
0,38,200.0,5900000.0,194383.55263157896,1400.0,200.0,5900000.0,731898.6,3864.0,200.0,5900000.0,295083.76,2572.0,200.0,5900000.0,194383.55263157896,1400.0,https://www.tiktok.com/@rufusbennysamuel
0,60,164.0,48000.0,4329.983333333334,722.0,294.0,8369.0,1588.8,420.0,171.0,8404.0,1877.0,538.0,164.0,48000.0,3834.62,694.0,https://www.tiktok.com/@dilshadrahon
0,58,84.0,37400.0,2934.7758620689656,1286.5,84.0,3746.0,1577.1,1357.5,84.0,5850.0,2172.12,1454.0,84.0,37400.0,3247.32,1442.5,https://www.tiktok.com/@palak......t
0,54,263.0,2059.0,683.1666666666666,613.0,263.0,1208.0,878.2,860.0,263.0,1498.0,750.76,748.0,263.0,2059.0,684.82,595.5,https://www.tiktok.com/@samarora318
0,60,171.0,114300.0,2560.9333333333334,436.0,343.0,8685.0,1470.8,434.0,171.0,114300.0,5535.84,542.0,171.0,114300.0,2965.54,413.5,https://www.tiktok.com/@rajatsaini486
0,55,534.0,4200000.0,85732.5090909091,1679.0,534.0,49000.0,5616.0,769.5,534.0,4200000.0,183738.12,1353.0,534.0,4200000.0,94202.74,1872.5,https://www.tiktok.com/@brarr007
0,38,76.0,1600000.0,53665.21052631579,995.5,76.0,344.0,193.2,188.0,76.0,1600000.0,65124.84,460.0,76.0,1600000.0,53665.21052631579,995.5,https://www.tiktok.com/@radhe_rajput_143
0,58,3.0,1725.0,179.81034482758622,60.5,3.0,85.0,40.0,35.0,3.0,257.0,50.08,35.0,3.0,1725.0,149.7,47.5,https://www.tiktok.com/@pradyumna.joshi
0,16,589.0,5800000.0,373425.4375,10950.0,589.0,5800000.0,588730.7,9097.0,589.0,5800000.0,373425.4375,10950.0,589.0,5800000.0,373425.4375,10950.0,https://www.tiktok.com/@muralivolley
0,54,28.0,1845.0,469.0,406.0,28.0,1845.0,623.0,467.5,28.0,1845.0,489.56,409.0,28.0,1845.0,470.64,411.0,https://www.tiktok.com/@farindrarout
0,59,167.0,3100000.0,54978.627118644064,1061.0,167.0,484.0,283.2,278.5,167.0,3780.0,472.32,285.0,167.0,3100000.0,64457.66,843.0,https://www.tiktok.com/@jharnaofficial
0,57,152.0,2589.0,621.0701754385965,567.0,152.0,691.0,421.0,464.0,152.0,774.0,506.56,547.0,152.0,2589.0,644.3,585.0,https://www.tiktok.com/@ichayantemalagha
0,59,44.0,988.0,461.7457627118644,471.0,44.0,564.0,325.0,379.0,44.0,638.0,376.2,402.0,44.0,746.0,436.78,468.0,https://www.tiktok.com/@ak_gour
0,65,90.0,1100000.0,32224.646153846155,874.0,90.0,734.0,298.8,216.0,90.0,37100.0,2615.48,480.0,90.0,1100000.0,40899.14,1291.0,https://www.tiktok.com/@mub_i
0,65,81.0,1946.0,406.4923076923077,328.0,175.0,922.0,362.6,280.5,104.0,922.0,309.28,241.0,104.0,1410.0,373.3,301.0,https://www.tiktok.com/@rupalisingh150
0,60,34.0,51200.0,1634.05,142.5,34.0,227.0,89.3,58.0,34.0,51200.0,3086.2,133.0,34.0,51200.0,1603.86,121.5,https://www.tiktok.com/@chetankaliaofficial
0,57,420.0,1600000.0,45301.36842105263,3914.0,420.0,1838.0,1113.3,1150.0,420.0,1600000.0,97194.12,4292.0,420.0,1600000.0,51430.9,4478.0,https://www.tiktok.com/@basavarajghosaman
0,58,584.0,953900.0,48293.6724137931,9083.0,584.0,142300.0,19289.0,3305.5,584.0,953900.0,77672.48,15000.0,584.0,953900.0,55231.64,9778.5,https://www.tiktok.com/@shibilshadaxo
0,60,187.0,1600000.0,28216.133333333335,496.5,244.0,7783.0,1340.0,536.5,244.0,7783.0,1094.92,518.0,187.0,7783.0,916.54,453.0,https://www.tiktok.com/@hemantjoshi76
0,60,177.0,5400000.0,147662.61666666667,15000.0,177.0,1773.0,914.2,911.5,177.0,55400.0,8590.84,2488.0,177.0,5400000.0,174197.42,15500.0,https://www.tiktok.com/@balupallapalla
0,55,288.0,710900.0,14737.290909090909,977.0,489.0,1252.0,717.5,681.0,288.0,5198.0,843.52,625.0,288.0,710900.0,15346.54,875.5,https://www.tiktok.com/@rebelamit007
0,60,802.0,415900.0,25116.233333333334,8341.5,802.0,415900.0,56614.1,6786.5,802.0,415900.0,37692.44,12900.0,802.0,415900.0,28319.58,10200.0,https://www.tiktok.com/@sharad_chaudhary_
0,59,639.0,1700000.0,52395.186440677964,6710.0,639.0,16400.0,5035.7,2957.5,639.0,203400.0,16081.04,2958.0,639.0,1700000.0,59417.98,6867.0,https://www.tiktok.com/@nitugillmusic
0,52,557.0,708100.0,21241.423076923078,1669.0,1380.0,24200.0,5183.4,2064.5,975.0,79400.0,6069.92,1399.0,557.0,92800.0,7301.08,1660.0,https://www.tiktok.com/@indhrajithsuresh
0,55,8.0,130900.0,2800.163636363636,365.0,52.0,1696.0,489.2,358.5,52.0,1696.0,454.32,365.0,8.0,130900.0,3055.64,368.0,https://www.tiktok.com/@abhilashabhi782
0,35,456.0,7600000.0,219240.14285714287,2007.0,456.0,1294.0,727.5,681.5,456.0,7600000.0,305994.6,1281.0,456.0,7600000.0,219240.14285714287,2007.0,https://www.tiktok.com/@suryadutt1
0,59,40.0,12400.0,375.10169491525426,83.0,40.0,899.0,209.8,85.0,40.0,899.0,145.64,74.0,40.0,899.0,156.52,77.5,https://www.tiktok.com/@sanoj000001
0,54,174.0,1500000.0,32331.314814814814,1529.5,174.0,2001.0,1131.7,1083.0,174.0,1500000.0,66496.76,1823.0,174.0,1500000.0,34859.46,1557.5,https://www.tiktok.com/@minighosal1
0,57,21.0,40200.0,1669.3333333333333,1014.0,21.0,785.0,312.9,206.0,21.0,40200.0,2180.56,450.0,21.0,40200.0,1739.34,986.0,https://www.tiktok.com/@avi987719
0,58,369.0,1300000.0,24287.98275862069,1190.0,915.0,1300000.0,133404.2,2718.0,742.0,1300000.0,54635.96,1904.0,369.0,1300000.0,27765.08,1148.0,https://www.tiktok.com/@gurdeepbhadana
0,28,491.0,15100000.0,543975.2857142857,2034.0,491.0,15100000.0,1511083.0,1060.0,491.0,15100000.0,609094.36,2231.0,491.0,15100000.0,543975.2857142857,2034.0,https://www.tiktok.com/@vish_you
0,61,466.0,3000000.0,85570.32786885246,5460.0,466.0,1200000.0,128775.9,5345.0,466.0,1200000.0,59267.12,6705.0,466.0,1200000.0,42598.36,5387.0,https://www.tiktok.com/@pavan_poova
0,52,64.0,7033.0,1128.1923076923076,888.5,64.0,684.0,257.4,118.0,64.0,1511.0,647.76,618.0,64.0,7033.0,1140.56,898.5,https://www.tiktok.com/@lovelykushi9900
0,55,260.0,1800000.0,35410.56363636364,1526.0,260.0,1631.0,1067.6,1123.0,260.0,1800000.0,75847.16,1297.0,260.0,1800000.0,38745.76,1471.0,https://www.tiktok.com/@khatiswag786
0,59,275.0,2120.0,682.5593220338983,624.0,352.0,681.0,547.1,563.5,336.0,1344.0,552.72,525.0,275.0,1439.0,586.56,549.5,https://www.tiktok.com/@brown_gurl_007
0,59,403.0,924200.0,36036.38983050847,13100.0,403.0,5636.0,3062.1,2953.5,403.0,8086.0,3756.6,3082.0,403.0,924200.0,38204.94,8859.0,https://www.tiktok.com/@anurupkurup7
0,51,193.0,38600.0,3872.1176470588234,1498.0,193.0,17900.0,3763.2,1304.0,193.0,38600.0,4979.16,1477.0,193.0,38600.0,3925.56,1499.5,https://www.tiktok.com/@athira.suraj
0,71,354.0,265600.0,8740.169014084508,995.0,514.0,71700.0,7999.2,996.0,354.0,71700.0,3747.36,802.0,354.0,265600.0,11886.52,1017.0,https://www.tiktok.com/@ashu_chinnu47
0,21,1079.0,3200000.0,158232.61904761905,6280.0,1079.0,12100.0,2836.7,1402.0,1079.0,3200000.0,158232.61904761905,6280.0,1079.0,3200000.0,158232.61904761905,6280.0,https://www.tiktok.com/@richajangpangi
0,31,59.0,8800000.0,288964.6129032258,291.0,59.0,1189.0,205.6,95.0,59.0,1656.0,398.6,168.0,59.0,8800000.0,288964.6129032258,291.0,https://www.tiktok.com/@ravindrajadav143
0,60,393.0,256100.00000000003,14340.416666666666,3355.5,393.0,3434.0,1161.3,1015.5,393.0,17200.0,1937.28,1244.0,393.0,256100.00000000003,16253.28,2412.0,https://www.tiktok.com/@sheethalrnair
0,53,205.0,4000000.0,114403.03773584905,1533.0,205.0,750.0,523.5,508.0,205.0,4000000.0,177026.36,771.0,205.0,4000000.0,121056.62,1505.0,https://www.tiktok.com/@parasmadaan99
0,58,250.0,4116.0,1334.4137931034484,1196.0,250.0,1417.0,641.1,575.5,250.0,4116.0,1097.44,920.0,250.0,4116.0,1287.48,1144.0,https://www.tiktok.com/@surabhihiremath
0,49,982.0,3200000.0,89782.04081632652,9325.0,982.0,7711.0,3962.2,3633.5,982.0,35400.0,6860.92,5038.0,982.0,3200000.0,89782.04081632652,9325.0,https://www.tiktok.com/@bgm_addicted
0,60,169.0,4500000.0,77669.15,633.0,169.0,2234.0,576.6,462.0,169.0,90300.0,4296.2,547.0,169.0,4500000.0,92996.5,624.5,https://www.tiktok.com/@principrince
0,55,241.0,48500.0,4113.818181818182,1151.0,241.0,1815.0,747.9,706.0,241.0,44200.0,5576.2,783.0,241.0,48500.0,4436.96,1246.0,https://www.tiktok.com/@dimpleanju
0,67,791.0,1600000.0,34711.522388059704,2403.0,791.0,1600000.0,167408.9,2326.0,791.0,1600000.0,69858.08,3977.0,791.0,1600000.0,39429.88,2509.0,https://www.tiktok.com/@harkiratmann6
0,68,135.0,201400.0,3750.5882352941176,679.5,135.0,1490.0,792.9,916.5,135.0,201400.0,8985.52,982.0,135.0,201400.0,4826.26,661.5,https://www.tiktok.com/@sinthuja_mu
0,66,2820.0,199600.0,22631.272727272728,13000.0,6374.0,50100.0,23237.4,21400.0,6374.0,67600.0,23725.88,17700.0,3170.0,199600.0,24202.04,14000.0,https://www.tiktok.com/@saumyabablu
0,58,685.0,86600.0,4709.068965517241,1401.5,685.0,2180.0,1104.8,1024.5,685.0,54700.0,5770.68,1774.0,685.0,86600.0,5300.98,1479.5,https://www.tiktok.com/@arsha.p.s
0,58,2727.0,5300000.0,127238.86206896552,17250.0,2727.0,24600.0,6714.9,4851.0,2727.0,121200.0,17955.6,6996.0,2727.0,160400.0,25279.08,10500.0,https://www.tiktok.com/@babysonia26
0,54,778.0,669700.0,20318.01851851852,4427.0,778.0,31900.0,7501.9,3580.5,778.0,669700.0,38775.56,5273.0,778.0,669700.0,21550.52,4427.0,https://www.tiktok.com/@kasimkhan291
0,60,401.0,68300.0,37194.13333333333,51100.0,401.0,1673.0,774.5,703.0,401.0,54500.0,19325.92,7873.0,401.0,54600.0,33974.96,50750.0,https://www.tiktok.com/@themrphone
0,60,858.0,994300.0,53228.95,4780.5,858.0,23900.0,6423.9,2996.0,858.0,994300.0,90027.6,7647.0,858.0,994300.0,49200.92,4780.5,https://www.tiktok.com/@pavithraskr
0,59,428.0,261899.99999999997,9183.593220338984,1404.0,701.0,2208.0,1140.8,833.5,428.0,37800.0,2514.48,835.0,428.0,261899.99999999997,8973.12,1269.0,https://www.tiktok.com/@lakhi_0001
0,57,66.0,507800.0,10314.298245614034,1073.0,66.0,1158.0,507.8,507.0,66.0,507800.0,21497.8,767.0,66.0,507800.0,11630.18,1120.0,https://www.tiktok.com/@apka_apna_raja_bhai_
0,58,1074.0,534300.0,37015.620689655174,4155.0,1074.0,110200.0,17407.7,2339.5,1074.0,165100.0,15568.68,3149.0,1074.0,308800.0,31375.18,4046.0,https://www.tiktok.com/@hari99494
0,0,0.0,0.0,0.0,0.0,0.0,0.0,0.0,0.0,,,,,0.0,0.0,0.0,0.0,https://www.tiktok.com/@riaa_singh_
0,65,1147.0,16100000.000000002,262722.95384615386,14500.0,1147.0,16600.0,10013.4,12000.0,1147.0,27000.0,13685.36,13100.0,1147.0,16100000.000000002,339234.68,16650.0,https://www.tiktok.com/@shivu25678
0,56,11400.0,9000000.0,341448.21428571426,40800.0,34500.0,1800000.0,401350.0,184950.0,34500.0,9000000.0,735892.0,148400.0,11700.0,9000000.0,380988.0,62500.0,https://www.tiktok.com/@_dinesh_arts_
0,57,434.0,166100.0,8369.649122807017,2818.0,434.0,42200.0,6830.7,2643.5,434.0,42200.0,4504.08,2818.0,434.0,166100.0,9082.6,2905.0,https://www.tiktok.com/@sanaa_vaalu
0,60,2911.0,2200000.0,59329.65,12900.0,2911.0,61600.0,14577.7,5010.0,2911.0,2200000.0,108375.48,13800.0,2911.0,2200000.0,67473.6,13400.0,https://www.tiktok.com/@ronyunstoppable995
0,52,1199.0,45600.0,5738.057692307692,3735.0,1199.0,3383.0,2202.7,1985.0,1199.0,36700.0,5114.36,3345.0,1199.0,45600.0,5665.44,3723.5,https://www.tiktok.com/@a.jsunny
0,76,140.0,6600000.0,90542.01315789473,1080.0,1434.0,6600000.0,668375.0,8788.0,1109.0,6600000.0,268865.32,3955.0,246.0,6600000.0,137245.92,1409.5,https://www.tiktok.com/@simple_characterzz
0,42,9234.0,2600000.0,257088.47619047618,53050.0,56700.0,2600000.0,779630.0,294650.0,25800.0,2600000.0,393228.0,102700.0,9234.0,2600000.0,257088.47619047618,53050.0,https://www.tiktok.com/@its.me.sruthy
0,57,218.0,10000.0,918.2280701754386,728.0,362.0,1125.0,719.4,746.0,362.0,10000.0,1182.88,745.0,218.0,10000.0,927.64,693.0,https://www.tiktok.com/@ranjitamishra5
0,60,315.0,2900000.0,76095.68333333333,2907.5,315.0,1531.0,908.7,850.5,315.0,1300000.0,57443.96,1531.0,315.0,2900000.0,90403.58,3213.5,https://www.tiktok.com/@maheshseervi01
0,4,43400.0,5700000.0,1724525.0,577350.0,43400.0,5700000.0,1724525.0,577350.0,43400.0,5700000.0,1724525.0,577350.0,43400.0,5700000.0,1724525.0,577350.0,https://www.tiktok.com/@zalakdesaiii
0,60,24.0,32299.999999999996,1134.7666666666667,431.0,24.0,726.0,301.5,263.0,24.0,1771.0,501.68,432.0,24.0,32299.999999999996,1283.96,438.5,https://www.tiktok.com/@hd_hassan
0,59,1750.0,2100000.0,190792.15254237287,21300.0,1750.0,1800000.0,257814.4,6649.5,1750.0,1800000.0,153614.4,10400.0,1750.0,1800000.0,173036.74,23150.0,https://www.tiktok.com/@abdul_inamdar_
0,60,534.0,5739.0,987.2666666666667,763.5,770.0,1610.0,1053.9,880.5,549.0,5739.0,1079.24,807.0,534.0,5739.0,1006.42,793.5,https://www.tiktok.com/@ashusharma25
0,60,117.0,11200.0,1082.2166666666667,659.0,117.0,1523.0,750.6,662.0,117.0,3394.0,860.4,653.0,117.0,11200.0,1065.98,646.0,https://www.tiktok.com/@parmodrsj
0,52,2782.0,16100.000000000002,6798.884615384615,5890.5,3238.0,10000.0,5565.4,5067.0,3238.0,16100.000000000002,7030.48,5940.0,2782.0,16100.000000000002,6777.66,5890.5,https://www.tiktok.com/@ranbirbath62
0,65,518.0,8400000.0,135395.36923076923,3509.0,518.0,8400000.0,845430.0,5965.5,518.0,8400000.0,346633.2,9277.0,518.0,8400000.0,175616.12,5207.0,https://www.tiktok.com/@karthiksjz
0,60,256.0,13400000.0,229160.16666666666,1477.0,10100.0,13400000.0,1361940.0,22450.0,1334.0,13400000.0,547120.76,6397.0,265.0,13400000.0,274793.6,1921.0,https://www.tiktok.com/@m.prasathmaduraikaran
0,32,295.0,134900.0,9055.28125,1501.5,295.0,440.0,377.3,381.0,295.0,134900.0,9896.12,1087.0,295.0,134900.0,9055.28125,1501.5,https://www.tiktok.com/@beingsnehaaa
0,59,298.0,44300.0,2874.8813559322034,1051.0,298.0,1734.0,739.8,597.5,298.0,2894.0,827.28,705.0,298.0,25600.0,2110.9,970.5,https://www.tiktok.com/@iampriyankaagrawal
0,58,557.0,766900.0,25239.396551724138,2149.5,557.0,32299.999999999996,4590.0,1378.5,557.0,104200.0,7318.96,1658.0,557.0,766900.0,24429.7,1915.5,https://www.tiktok.com/@capturexindia
0,60,91.0,9500000.0,161462.75,1152.0,91.0,720.0,289.8,189.0,91.0,12000.0,815.88,255.0,91.0,12000.0,1775.46,699.0,https://www.tiktok.com/@h_r_hardik_radadiya
0,58,191.0,1391.0,540.6206896551724,514.0,389.0,774.0,504.4,455.5,191.0,774.0,453.44,437.0,191.0,1391.0,508.56,491.0,https://www.tiktok.com/@bakshiaashima8
0,56,1691.0,230900.0,21347.553571428572,5876.0,1691.0,35800.0,7458.8,4208.0,1691.0,133000.0,14627.04,5060.0,1691.0,230900.0,22625.74,5910.5,https://www.tiktok.com/@roshniprameesh
0,75,1054.0,455400.0,35973.52,14300.0,1054.0,57800.0,9895.6,3600.0,1054.0,166300.0,23430.28,4388.0,1054.0,455400.0,37674.04,9728.0,https://www.tiktok.com/@munireddyd
0,60,342.0,27700000.0,480313.5833333333,3216.5,342.0,1048.0,650.6,649.5,342.0,27700000.0,1146205.4,6843.0,342.0,27700000.0,576112.06,3946.0,https://www.tiktok.com/@userrrrr05276
0,76,1805.0,205500.0,30245.355263157893,22100.0,1805.0,131900.0,29956.7,15000.0,1805.0,131900.0,28330.16,18100.0,1805.0,205500.0,31424.0,22000.0,https://www.tiktok.com/@gopal_bharwad_78
0,67,525.0,10600000.0,184294.0447761194,3188.0,525.0,4514.0,2525.1,2523.0,525.0,1500000.0,63157.56,3215.0,525.0,10600000.0,246368.56,3401.0,https://www.tiktok.com/@meghaverma795
0,56,739.0,127800.0,6993.910714285715,2135.5,786.0,45100.0,11359.0,4233.5,786.0,45100.0,7771.68,3603.0,739.0,127800.0,7633.76,2183.5,https://www.tiktok.com/@rasigan2527
0,60,457.0,57200.0,4917.15,1653.0,1210.0,18600.0,3271.8,1533.5,650.0,18600.0,1891.84,1210.0,457.0,27900.0,3262.88,1302.0,https://www.tiktok.com/@drbharatjethwani
0,49,270.0,13400000.0,279204.2653061224,1512.0,747.0,2351.0,1230.1,1119.5,270.0,2351.0,866.0,784.0,270.0,13400000.0,279204.2653061224,1512.0,https://www.tiktok.com/@jay.lodhiya
0,25,2192.0,14500000.0,609675.8,16200.0,2192.0,14500000.0,1486994.4,18300.0,2192.0,14500000.0,609675.8,16200.0,2192.0,14500000.0,609675.8,16200.0,https://www.tiktok.com/@ashwin.1012
0,60,1494.0,112200.0,11072.933333333332,8082.5,1494.0,16900.0,5987.7,5839.5,1494.0,16900.0,6336.4,5642.0,1494.0,112200.0,10916.94,7660.0,https://www.tiktok.com/@houseobeautyybysahil
0,60,156.0,81800.0,5259.316666666667,3053.5,156.0,81800.0,9648.0,1462.5,156.0,81800.0,6768.4,3637.0,156.0,81800.0,5571.34,2897.0,https://www.tiktok.com/@md.sajid786
0,60,223.0,1000000.0,21764.25,1252.0,223.0,2538.0,918.2,781.0,223.0,13000.0,1590.84,800.0,223.0,1000000.0,24373.3,1168.5,https://www.tiktok.com/@malkit_kanda
0,60,894.0,55900.0,4485.65,2943.5,894.0,2543.0,1490.9,1434.5,894.0,5436.0,2086.08,1755.0,894.0,11800.0,3373.1,2624.5,https://www.tiktok.com/@karutthamacchann
0,60,1104.0,1000000.0,56222.7,13650.0,1104.0,13900.0,5049.6,1657.5,1104.0,1000000.0,104427.84,16100.000000000002,1104.0,1000000.0,63123.26,11650.0,https://www.tiktok.com/@bidlansingh
0,60,303.0,657000.0,57839.21666666667,53450.0,303.0,80000.0,8393.7,466.0,303.0,657000.0,64410.44,10900.0,303.0,657000.0,64149.24,57100.0,https://www.tiktok.com/@nikhilkamath
0,59,10900.0,117700.0,53001.69491525424,43500.0,58900.0,117700.0,89800.0,91400.0,35200.0,117700.0,77708.0,85500.0,13500.0,117700.0,57662.0,57700.0,https://www.tiktok.com/@odiasongsnew
0,54,400.0,10300.0,1658.8703703703704,1277.0,643.0,2043.0,1126.3,858.5,400.0,3685.0,1116.52,830.0,400.0,10300.0,1639.88,1248.0,https://www.tiktok.com/@naveedansari99
0,56,746.0,1800000.0,74318.53571428571,3242.0,2635.0,620700.0,108846.4,5532.0,2245.0,620700.0,71170.0,4625.0,746.0,1800000.0,74638.86,3568.5,https://www.tiktok.com/@hiteshjoshi8802
0,59,1290.0,14700.0,3788.3728813559323,3087.0,1953.0,8671.0,3813.3,3214.0,1953.0,14700.0,4212.44,3495.0,1290.0,14700.0,3691.12,3078.0,https://www.tiktok.com/@tiktok_musiclly6
0,57,137.0,12400000.0,238054.77192982455,6597.0,137.0,155200.0,27272.1,2811.5,137.0,12400000.0,527781.24,17300.0,137.0,12400000.0,270948.58,7186.5,https://www.tiktok.com/@madhusagar333
0,51,3912.0,840400.0,70941.8431372549,17700.0,3912.0,43900.0,15196.2,12550.0,3912.0,840400.0,100982.48,22700.0,3912.0,840400.0,72138.68,17950.0,https://www.tiktok.com/@sakkarichaitra
0,58,917.0,73000.0,6209.0,2880.5,917.0,41500.0,5944.1,1525.5,917.0,44800.0,5608.08,2373.0,917.0,44800.0,5198.72,2674.0,https://www.tiktok.com/@yahyapanakkal
0,59,2227.0,1500000.0,98666.55932203389,30700.0,2227.0,392500.0,86862.7,48200.0,2227.0,564500.0,79205.08,34500.0,2227.0,605200.0,77574.54,30200.0,https://www.tiktok.com/@ypmvlogs
0,59,1527.0,47500.0,10727.254237288136,6834.0,1527.0,36000.0,9506.5,3587.0,1527.0,36000.0,7184.52,3015.0,1527.0,36000.0,9493.02,6556.5,https://www.tiktok.com/@majed.dada
0,57,571.0,338500.0,21458.78947368421,5744.0,571.0,58100.0,10383.9,2309.0,571.0,58100.0,10274.36,2707.0,571.0,338500.0,23249.58,5123.5,https://www.tiktok.com/@sarath_earkkara
0,72,1356.0,4500000.0,107841.90277777778,16650.0,1356.0,24300.0,7851.1,6825.5,1356.0,285000.0,26225.96,12200.0,1356.0,4500000.0,115361.3,14800.0,https://www.tiktok.com/@pathania_himachali
0,58,498.0,262300.0,39796.91379310345,29400.0,498.0,182300.0,43032.1,22550.0,498.0,182300.0,38312.84,24100.0,498.0,262300.0,40706.42,29750.0,https://www.tiktok.com/@max_jac
0,60,424.0,6600000.0,218920.55,20850.0,424.0,16700.0,3275.7,1853.5,424.0,3700000.0,219313.32,6287.0,424.0,3700000.0,122756.66,18550.0,https://www.tiktok.com/@bhaguuz
0,58,220.0,3503.0,752.8103448275862,687.5,220.0,416.0,284.1,263.0,220.0,2066.0,434.84,368.0,220.0,3503.0,717.1,597.0,https://www.tiktok.com/@b.bombshelll
0,53,439.0,26900.0,2661.2830188679245,1392.0,439.0,1413.0,817.7,683.0,439.0,7983.0,1066.68,717.0,439.0,26900.0,2327.14,1321.5,https://www.tiktok.com/@mr_amar_mishra
0,19,65000.0,2900000.0,391284.2105263158,124400.0,65000.0,2000000.0,338050.0,118350.0,65000.0,2900000.0,391284.2105263158,124400.0,65000.0,2900000.0,391284.2105263158,124400.0,https://www.tiktok.com/@deepiikapadukone
0,60,36.0,37100.0,2366.4,1546.0,36.0,7717.0,1655.5,861.0,36.0,7717.0,1587.84,1407.0,36.0,37100.0,2467.94,1654.5,https://www.tiktok.com/@musheeransari444
0,59,1376.0,429600.0,28588.5593220339,7220.0,1376.0,9443.0,3684.6,2784.0,1376.0,429600.0,39594.88,5690.0,1376.0,429600.0,31654.66,7078.0,https://www.tiktok.com/@allushravz
0,60,443.0,10300000.0,212685.55,29150.0,443.0,71500.0,21477.9,9855.5,443.0,118200.0,28912.24,19400.0,443.0,10300000.0,251170.12,32700.0,https://www.tiktok.com/@sidghagrmale
0,60,189.0,341800.0,21781.916666666668,9091.0,189.0,3247.0,1478.4,1036.0,189.0,24700.0,3779.32,2401.0,189.0,37300.0,11930.3,5516.0,https://www.tiktok.com/@vikramsinghfitnessss
0,75,4063.0,141700.0,22380.746666666666,9932.0,4063.0,132600.0,23651.3,7666.5,4063.0,132600.0,24415.88,7396.0,4063.0,141700.0,25554.42,10266.0,https://www.tiktok.com/@sivajyothi099
0,53,1693.0,14000000.0,395870.58490566036,6960.0,1693.0,953200.0,132249.8,5249.5,1693.0,2000000.0,231475.96,9321.0,1693.0,14000000.0,417854.16,7067.5,https://www.tiktok.com/@prabhatarcher360
0,60,77.0,474.0,206.05,183.0,77.0,303.0,157.3,138.5,77.0,341.0,184.36,162.0,77.0,474.0,205.52,183.0,https://www.tiktok.com/@aman0334
0,54,4275.0,5800000.0,304718.1296296296,37450.0,4275.0,138600.0,40549.5,11600.0,4275.0,609600.0,72286.92,12500.0,4275.0,5800000.0,326117.58,42750.0,https://www.tiktok.com/@mandeepshah97
0,57,816.0,337000.0,19397.77192982456,5346.0,816.0,8661.0,3666.2,3120.0,816.0,337000.0,21428.68,3747.0,816.0,337000.0,16593.3,4346.0,https://www.tiktok.com/@shabinashabi143
0,55,14000.0,4700000.0,364038.1818181818,94100.0,14000.0,493500.0,87020.0,25250.0,14000.0,4700000.0,535728.0,102200.0,14000.0,4700000.0,384856.0,89350.0,https://www.tiktok.com/@venugopal6474
0,59,763.0,74600.0,11692.49152542373,2344.0,763.0,66000.0,8357.7,2075.0,763.0,69700.0,13137.52,2037.0,763.0,74600.0,12143.02,2228.5,https://www.tiktok.com/@shaanmusic
0,51,11900.0,3500000.0,165900.0,70600.0,11900.0,292900.0,62540.0,37550.0,11900.0,292900.0,65016.0,47200.0,11900.0,3500000.0,168624.0,70750.0,https://www.tiktok.com/@jaincraft
0,0,0.0,0.0,0.0,0.0,0.0,0.0,0.0,0.0,,,,,0.0,0.0,0.0,0.0,https://www.tiktok.com/@_______sona____
0,69,2558.0,1600000.0,38600.840579710144,9956.0,2558.0,87600.0,18408.1,10546.5,2558.0,87600.0,15217.24,10400.0,2558.0,1600000.0,45908.42,9921.0,https://www.tiktok.com/@mahesh_mangattu
0,48,19100.0,3200000.0,296479.1666666667,118400.0,19100.0,563100.0,119310.0,60850.0,19100.0,3200000.0,301784.0,94900.0,19100.0,3200000.0,296479.1666666667,118400.0,https://www.tiktok.com/@harshvardhan9309
0,69,1078.0,3100000.0,88479.79710144928,31100.0,1078.0,439400.0,47986.5,2376.5,1078.0,439400.0,38732.24,14100.0,1078.0,3100000.0,102390.12,20750.0,https://www.tiktok.com/@karthik_karti
0,58,4460.0,843500.0,52307.39655172414,17200.0,4460.0,325600.0,52486.0,14250.0,4460.0,843500.0,74874.4,17000.0,4460.0,843500.0,53864.58,17350.0,https://www.tiktok.com/@okayjanvi
0,72,5023.0,492600.0,33296.65277777778,16400.0,13100.0,139600.0,45530.0,33200.0,10800.0,139600.0,35144.0,25600.0,7227.0,492600.0,38977.72,18050.0,https://www.tiktok.com/@jaydeepneha
0,53,1379.0,387800.0,22775.33962264151,6048.0,7660.0,387800.0,72046.0,21600.0,3842.0,387800.0,43604.6,12600.0,1709.0,387800.0,24031.76,6718.0,https://www.tiktok.com/@sambramagowda08
0,60,114.0,39300.0,3313.2166666666667,1869.5,114.0,5063.0,1845.0,1598.0,114.0,9045.0,2669.68,1837.0,114.0,39300.0,3589.38,1824.0,https://www.tiktok.com/@jenyjincy
0,53,1.0,27700000.0,523478.6037735849,25.0,21.0,1027.0,140.3,43.0,14.0,1420.0,512.72,66.0,2.0,27700000.0,554887.22,26.5,https://www.tiktok.com/@rishirajmishrag
0,57,655.0,434600.0,10662.456140350878,926.0,699.0,11400.0,2211.3,849.0,655.0,11400.0,1482.76,783.0,655.0,434600.0,11790.06,868.0,https://www.tiktok.com/@sj_official_111
0,59,29500.0,104600.0,57774.57627118644,53000.0,38500.0,104600.0,77480.0,80300.0,34100.0,104600.0,69296.0,68300.0,33400.0,104600.0,60634.0,58200.0,https://www.tiktok.com/@rachita_ram_official
0,55,20100.0,402900.0,61347.27272727273,38200.0,21700.0,122400.0,42280.0,33750.0,20500.0,260399.99999999997,54984.0,34800.0,20100.0,402900.0,62038.0,38050.0,https://www.tiktok.com/@its_tushar
0,60,16600.0,2600000.0,305715.0,132000.0,16600.0,202900.0,57790.0,46750.0,16600.0,2100000.0,375588.0,122100.0,16600.0,2600000.0,340200.0,142600.0,https://www.tiktok.com/@ajithunique
0,66,1605.0,231100.0,10620.272727272728,4513.5,1605.0,28200.0,9180.1,2976.0,1605.0,31600.0,8600.56,3816.0,1605.0,31600.0,7510.86,4415.0,https://www.tiktok.com/@manjushrimanu
0,51,37900.0,3500000.0,342821.56862745096,148800.0,37900.0,1900000.0,315340.0,121350.0,37900.0,3500000.0,496252.0,195600.0,37900.0,3500000.0,340270.0,143000.0,https://www.tiktok.com/@satta_dhillon
0,21,4149.0,3200000.0,365612.4285714286,63700.0,4149.0,134400.0,25666.1,6336.5,4149.0,3200000.0,365612.4285714286,63700.0,4149.0,3200000.0,365612.4285714286,63700.0,https://www.tiktok.com/@shirinkanchwala
0,0,0.0,0.0,0.0,0.0,0.0,0.0,0.0,0.0,,,,,0.0,0.0,0.0,0.0,https://www.tiktok.com/@pathoooty
0,57,4055.0,123400.0,22497.63157894737,14600.0,4055.0,123400.0,35972.8,13127.0,4055.0,123400.0,24945.2,16900.0,4055.0,123400.0,23318.9,15650.0,https://www.tiktok.com/@piyunair99
0,60,2824.0,262600.0,16813.483333333334,5382.0,4142.0,15600.0,8988.0,9168.5,3310.0,213400.0,18985.16,7336.0,2824.0,213400.0,12973.0,4750.5,https://www.tiktok.com/@surajsonik
0,57,42400.0,900000.0,213610.52631578947,129500.0,42400.0,900000.0,297020.0,122050.0,42400.0,900000.0,224988.0,98700.0,42400.0,900000.0,220914.0,132250.0,https://www.tiktok.com/@masoomsharma01
0,59,222.0,1982.0,751.4915254237288,637.0,222.0,1982.0,822.1,655.5,222.0,1982.0,595.08,480.0,222.0,1982.0,696.64,620.0,https://www.tiktok.com/@uday_shankar
0,52,489.0,2900000.0,138419.65384615384,22200.0,489.0,1200000.0,187502.2,13000.0,489.0,1200000.0,92484.88,26000.0,489.0,2900000.0,143284.44,22500.0,https://www.tiktok.com/@shadab_maari
0,62,9657.0,490800.0,48612.209677419356,28150.0,16100.000000000002,131000.0,48650.0,36400.0,9657.0,131000.0,34406.28,25200.0,9657.0,490800.0,49279.14,28350.0,https://www.tiktok.com/@aparnanandagopal
0,57,5130.0,1400000.0,117340.87719298246,31100.0,5130.0,775400.0,111373.0,32100.0,5130.0,1400000.0,180965.2,42500.0,5130.0,1400000.0,127596.6,33850.0,https://www.tiktok.com/@midhunmidhutty
0,57,217.0,52900.0,1691.280701754386,646.0,425.0,2372.0,671.0,485.0,217.0,52900.0,2716.36,501.0,217.0,52900.0,1824.98,641.0,https://www.tiktok.com/@danceholic_sr3
0,59,2355.0,5200000.0,308480.3220338983,76700.0,2355.0,192200.0,43263.9,24550.0,2355.0,973700.0,95089.56,37600.0,2355.0,5200000.0,310404.78,70300.0,https://www.tiktok.com/@art__ny
0,58,2537.0,2500000.0,208030.0344827586,36200.0,2537.0,74300.0,17634.2,13050.0,2537.0,2500000.0,159129.68,17500.0,2537.0,2500000.0,188390.84,32000.0,https://www.tiktok.com/@enperuakhilnaidu
0,59,908.0,5200000.0,136420.33898305084,20900.0,908.0,122000.0,17272.7,2856.5,908.0,5200000.0,242389.08,27100.0,908.0,5200000.0,132650.0,19700.0,https://www.tiktok.com/@manojtatiya
0,53,15800.0,14400000.0,1278018.8679245282,93300.0,15800.0,12600000.0,1609970.0,112300.0,15800.0,12600000.0,1385212.0,140100.0,15800.0,14400000.0,1352790.0,96850.0,https://www.tiktok.com/@maheshparat
0,59,1770.0,370700.0,16948.508474576272,4434.0,1770.0,114400.0,18383.5,6818.0,1770.0,114400.0,11675.92,5049.0,1770.0,370700.0,17434.24,4458.5,https://www.tiktok.com/@mr_harsh__official
0,60,2395.0,31200000.0,579228.1666666666,31800.0,2395.0,117800.0,17585.5,2879.0,2395.0,184100.0,28865.64,7302.0,2395.0,185000.0,38685.8,18000.0,https://www.tiktok.com/@sandycandy_tiktok
0,72,964.0,1600000.0,81493.44444444444,29950.0,964.0,38100.0,18243.6,15050.0,964.0,138800.0,32989.12,17200.0,964.0,186600.0,42326.56,29950.0,https://www.tiktok.com/@bhavna_meharoliya
0,44,520.0,35500.0,1641.409090909091,821.5,520.0,1433.0,845.8,762.5,520.0,1433.0,791.44,755.0,520.0,35500.0,1641.409090909091,821.5,https://www.tiktok.com/@m_muskan2701
0,49,39500.0,2300000.0,209816.32653061225,108300.0,43000.0,323800.0,140130.0,102200.0,39500.0,564400.0,172020.0,96100.0,39500.0,2300000.0,209816.32653061225,108300.0,https://www.tiktok.com/@sajjanadeeb1
0,14,18500.0,1900000.0,224021.42857142858,43800.0,18500.0,129100.0,44390.0,30000.0,18500.0,1900000.0,224021.42857142858,43800.0,18500.0,1900000.0,224021.42857142858,43800.0,https://www.tiktok.com/@lena_actress
0,58,358.0,6700000.0,377018.8620689655,25850.0,358.0,15600.0,4207.2,2057.5,358.0,424900.0,20931.52,2649.0,358.0,6700000.0,430923.88,14000.0,https://www.tiktok.com/@mr__dada__
0,60,303.0,8098.0,2208.2166666666667,1839.0,303.0,2442.0,870.6,798.0,303.0,8098.0,1263.48,868.0,303.0,8098.0,1947.16,1465.0,https://www.tiktok.com/@deepakyadav_vines
0,61,11400.0,390300.0,61114.75409836065,40100.0,13400.0,390300.0,88880.0,59200.0,13400.0,390300.0,69588.0,46800.0,11400.0,390300.0,61636.0,39850.0,https://www.tiktok.com/@manvi_sharma_mann10
0,58,195.0,371000.0,11844.189655172413,1580.0,195.0,616.0,324.0,284.5,195.0,13500.0,904.96,284.0,195.0,371000.0,10187.2,1235.0,https://www.tiktok.com/@i.m.abhirathore
0,60,18000.0,53000.0,28836.666666666668,24800.0,20300.0,43800.0,39010.0,40400.0,20300.0,43800.0,29552.0,24400.0,18000.0,53000.0,29036.0,24500.0,https://www.tiktok.com/@legendseternal
0,60,518.0,21700.0,3409.3,2239.0,966.0,9357.0,2985.6,1346.5,686.0,9357.0,3145.08,2029.0,518.0,9357.0,2774.82,1756.0,https://www.tiktok.com/@rocknaveena143
0,59,44900.0,1800000.0,230862.71186440677,139600.0,44900.0,1800000.0,283140.0,126750.0,44900.0,1800000.0,275732.0,166800.0,44900.0,1800000.0,258944.0,154500.0,https://www.tiktok.com/@krush01
0,57,4381.0,481600.0,60383.78947368421,24200.0,4381.0,305400.0,52251.6,14750.0,4381.0,481600.0,64514.36,20800.0,4381.0,481600.0,63479.52,24350.0,https://www.tiktok.com/@dipudevdddd
0,54,110.0,9874.0,648.1851851851852,410.5,208.0,2670.0,595.4,419.0,122.0,2670.0,495.04,424.0,110.0,9874.0,646.02,410.5,https://www.tiktok.com/@_heaven_king_07_
0,60,7536.0,1900000.0,183718.75,16500.0,8230.0,823900.0,173043.5,19450.0,8230.0,1500000.0,156265.4,17500.0,8230.0,1500000.0,158644.7,21800.0,https://www.tiktok.com/@sunmusic_offl
0,60,18700.0,3600000.0,319310.0,130400.0,18700.0,1700000.0,312620.0,146400.0,18700.0,1700000.0,210644.0,132000.0,18700.0,1700000.0,231540.0,125350.0,https://www.tiktok.com/@sprathore
0,57,141.0,4084.0,486.280701754386,385.0,141.0,770.0,428.7,429.5,141.0,770.0,378.72,372.0,141.0,2254.0,397.52,366.0,https://www.tiktok.com/@mallicapassion
0,60,23400.0,1100000.0,159406.66666666666,96450.0,23900.0,376400.0,111530.0,79600.0,23400.0,376400.0,98456.0,78000.0,23400.0,1100000.0,132382.0,92300.0,https://www.tiktok.com/@mamidimounikaofficial1
0,59,9485.0,249800.0,36518.4406779661,16200.0,9644.0,83500.0,28064.4,14500.0,9644.0,249800.0,39525.76,16300.0,9485.0,249800.0,31688.58,15950.0,https://www.tiktok.com/@prathyoosh1234
0,55,249.0,133500.0,12381.018181818183,3603.0,249.0,7473.0,2877.2,2354.5,249.0,86300.0,10544.68,3448.0,249.0,86300.0,10329.06,3525.5,https://www.tiktok.com/@mucho_man306
0,7,19100.0,1200000.0,458700.0,274800.0,19100.0,1200000.0,458700.0,274800.0,19100.0,1200000.0,458700.0,274800.0,19100.0,1200000.0,458700.0,274800.0,https://www.tiktok.com/@immancomposer
0,58,3358.0,114500.0,17947.224137931036,8856.5,3358.0,77600.0,16740.2,8315.5,3358.0,77600.0,17567.44,8800.0,3358.0,114500.0,19201.78,9302.5,https://www.tiktok.com/@snehakonka
0,78,878.0,49700.0,9706.961538461539,7079.5,1099.0,3049.0,1616.1,1387.0,878.0,20800.0,2518.08,1594.0,878.0,39500.0,8192.14,4309.0,https://www.tiktok.com/@mr_vikasvk
0,54,1101.0,121200.0,10897.574074074075,2223.5,1501.0,63800.0,20924.0,5851.0,1501.0,63800.0,12332.32,2539.0,1101.0,121200.0,10545.08,2203.5,https://www.tiktok.com/@sardarparmindersigh
0,58,687.0,36400000.0,639265.2586206896,5828.5,1150.0,5691.0,1880.3,1521.0,687.0,5691.0,1829.56,1559.0,687.0,36400000.0,736942.4,2888.5,https://www.tiktok.com/@arifnoor0477
0,60,2427.0,3300000.0,244629.15,105750.0,2427.0,3300000.0,357874.9,12885.5,2427.0,3300000.0,253721.96,100700.0,2427.0,3300000.0,273538.98,107700.0,https://www.tiktok.com/@patnapiratesofficial
0,58,1682.0,179600.0,19233.103448275862,7985.5,1718.0,60400.0,15460.1,4679.5,1682.0,60400.0,9514.8,5825.0,1682.0,179600.0,20891.36,8323.0,https://www.tiktok.com/@vickydey5
0,69,2287.0,668500.0,29224.942028985508,6250.0,2352.0,21700.0,8502.6,4775.5,2352.0,668500.0,45391.52,8325.0,2352.0,668500.0,36703.06,6576.0,https://www.tiktok.com/@jeethu22
0,60,5197.0,14900000.0,405356.7833333333,50500.0,5197.0,44100.0,17942.8,12050.0,5197.0,46400.0,19140.28,15300.0,5197.0,14900000.0,447686.14,32950.0,https://www.tiktok.com/@anfernandesss
0,57,4742.0,210600.0,26502.01754385965,13200.0,4742.0,74900.0,19523.4,8031.5,4742.0,82000.0,19756.04,10100.0,4742.0,210600.0,27690.16,12250.0,https://www.tiktok.com/@jilshad_vallapuzha
0,56,197.0,86800.0,4273.142857142857,652.0,197.0,86800.0,18227.6,584.0,197.0,86800.0,8154.2,479.0,197.0,86800.0,4606.2,611.5,https://www.tiktok.com/@arjun_menaria_kheroda
0,69,2566.0,310200.0,22792.217391304348,8570.0,3161.0,13400.0,6414.9,5661.5,2566.0,235800.0,17761.36,4723.0,2566.0,310200.0,21199.0,7177.5,https://www.tiktok.com/@chinni__ramya
0,57,1283.0,8300000.000000001,458780.8947368421,82700.0,1283.0,2300000.0,304071.1,15950.0,1283.0,2300000.0,216788.44,26200.0,1283.0,8300000.000000001,384030.22,59550.0,https://www.tiktok.com/@rehancitrus6
0,71,1393.0,60900.0,6420.197183098591,3331.0,1393.0,36700.0,6969.2,3698.5,1393.0,36700.0,5703.64,3108.0,1393.0,60900.0,6955.24,3278.0,https://www.tiktok.com/@jacklolita
0,52,2281.0,26300.0,10670.076923076924,9702.0,2281.0,13200.0,5848.8,4292.5,2281.0,16400.0,9279.96,9630.0,2281.0,26300.0,10578.88,9641.5,https://www.tiktok.com/@sheetalsingh2004
0,57,7459.0,6100000.0,227425.1403508772,33100.0,57600.0,6100000.0,914660.0,223500.0,11200.0,6100000.0,461100.0,57600.0,7459.0,6100000.0,250482.66,33700.0,https://www.tiktok.com/@rj_shruthi
0,60,1245.0,131100.0,8632.35,3288.0,1245.0,4005.0,2378.0,2517.5,1245.0,21000.0,4285.88,3788.0,1245.0,131100.0,8790.7,3350.5,https://www.tiktok.com/@bingelife_
0,55,6076.0,652700.0,31306.163636363635,11300.0,24400.0,652700.0,98580.0,33350.0,7989.0,652700.0,56774.28,24400.0,6076.0,652700.0,33589.76,11600.0,https://www.tiktok.com/@monna023
0,60,3679.0,148000.0,19471.916666666668,13850.0,3679.0,22600.0,9691.1,8353.5,3679.0,31000.0,13546.2,11300.0,3679.0,76600.0,16116.3,13450.0,https://www.tiktok.com/@ranjitrana777
0,71,9557.0,1700000.0,184645.87323943662,29300.0,9557.0,152200.0,42625.7,15000.0,9557.0,152200.0,36910.28,22800.0,9557.0,1400000.0,85735.14,24850.0,https://www.tiktok.com/@drsanketbhosale
0,75,2378.0,124600.0,16181.6,9646.0,2378.0,79300.0,19175.0,9342.0,2378.0,124600.0,20488.04,10800.0,2378.0,124600.0,15946.96,7906.0,https://www.tiktok.com/@shivaniprajapat
0,67,1340.0,15400000.0,295693.82089552237,39700.0,1340.0,37200.0,9548.6,3180.0,1340.0,171800.0,41875.44,29900.0,1340.0,15400000.0,364749.72,41450.0,https://www.tiktok.com/@imranlaal46
0,0,0.0,0.0,0.0,0.0,0.0,0.0,0.0,0.0,,,,,0.0,0.0,0.0,0.0,https://www.tiktok.com/@aryaparvathi
0,60,5276.0,8300000.000000001,282551.76666666666,33450.0,5276.0,82500.0,21938.3,7677.5,5276.0,2900000.0,165584.24,13700.0,5276.0,8300000.000000001,319338.12,31450.0,https://www.tiktok.com/@guidingtechhindi
0,60,1196.0,8700000.0,164301.46666666667,9401.5,1196.0,10200.0,6292.4,6515.0,1196.0,14400.0,8340.6,7700.0,1196.0,8700000.0,194460.84,9871.5,https://www.tiktok.com/@minakshijain2
0,54,39300.0,1100000.0,241575.92592592593,180650.0,39300.0,298800.0,112210.0,83100.0,39300.0,537400.0,203148.0,177700.0,39300.0,1100000.0,243164.0,183800.0,https://www.tiktok.com/@kalyan.nayak
0,54,28000.0,8900000.0,551422.2222222222,181000.0,28000.0,1200000.0,379430.0,186500.0,28000.0,8900000.0,1037832.0,332500.0,28000.0,8900000.0,592512.0,202150.0,https://www.tiktok.com/@pankhurisharma
0,41,2240.0,20500000.0,530129.5365853659,26100.0,2240.0,10300.0,4418.1,3601.0,2240.0,20500000.0,833984.44,7456.0,2240.0,20500000.0,530129.5365853659,26100.0,https://www.tiktok.com/@smi2714
0,58,5658.0,1700000.0,129823.24137931035,40300.0,5658.0,437200.0,58824.8,13300.0,5658.0,1700000.0,122969.92,37200.0,5658.0,1700000.0,143786.96,40600.0,https://www.tiktok.com/@akashgaharwar
0,53,7401.0,2700000.0,283403.7924528302,134900.0,7401.0,261700.0,77940.1,41800.0,7401.0,882300.0,180600.04,100100.0,7401.0,2700000.0,259296.02,130800.0,https://www.tiktok.com/@sandy_hegde
0,53,25500.0,731000.0,203743.3962264151,146400.0,41600.0,582300.0,251740.0,183350.0,25500.0,582300.0,173732.0,105100.0,25500.0,731000.0,202454.0,147050.0,https://www.tiktok.com/@isaivani5
0,54,8495.0,356700.0,47183.88888888889,29500.0,8495.0,71200.0,33793.0,31450.0,8495.0,90600.0,32169.2,26000.0,8495.0,356700.0,46984.6,27300.0,https://www.tiktok.com/@bhargavi_dolly_7050
0,60,1108.0,211400.0,19961.216666666667,10850.0,1108.0,15000.0,7331.7,6558.0,1108.0,75700.0,13199.28,9786.0,1108.0,75700.0,14540.34,10093.0,https://www.tiktok.com/@tejshreepawar27
0,66,115.0,5996.0,1299.409090909091,1099.5,115.0,2029.0,1424.7,1626.0,115.0,5996.0,1937.72,1777.0,115.0,5996.0,1498.84,1263.0,https://www.tiktok.com/@renurai007
0,64,52500.0,6500000.0,792412.5,457750.0,52500.0,4400000.0,1003770.0,264200.0,52500.0,4400000.0,789396.0,492100.0,52500.0,6500000.0,780162.0,446250.0,https://www.tiktok.com/@kishenbilagaliofficial
0,60,39000.0,3600000.0,325985.0,131300.0,39000.0,684400.0,213810.0,91350.0,39000.0,1300000.0,246304.0,97600.0,39000.0,3600000.0,337568.0,157150.0,https://www.tiktok.com/@kambirajpuria
0,70,2133.0,331900.0,44070.81428571429,18400.0,2615.0,11600.0,4623.1,4298.5,2133.0,15300.0,4404.16,3473.0,2133.0,248300.0,25397.14,5014.5,https://www.tiktok.com/@poojasharma2691
0,60,2001.0,2500000.0,114007.88333333333,11650.0,2001.0,17100.0,5822.8,3477.0,2001.0,279100.0,45111.64,4307.0,2001.0,2500000.0,127504.3,11650.0,https://www.tiktok.com/@sparshtyagiofficial
0,26,25700.0,4200000.0,1083742.3076923077,392300.0,25700.0,3900000.0,998110.0,339450.0,25700.0,4200000.0,987092.0,380400.0,25700.0,4200000.0,1083742.3076923077,392300.0,https://www.tiktok.com/@malharofficial
0,58,12400.0,1700000.0,98039.6551724138,49550.0,22300.0,181500.0,77900.0,53700.0,14000.0,197400.0,69176.0,37900.0,12400.0,1700000.0,90040.0,35750.0,https://www.tiktok.com/@dilshana95
0,39,54400.0,2500000.0,457087.1794871795,268100.0,54400.0,568700.0,267880.0,209200.0,54400.0,2500000.0,496752.0,326000.0,54400.0,2500000.0,457087.1794871795,268100.0,https://www.tiktok.com/@karikkufreshofficial
0,59,14000.0,1500000.0,113805.08474576271,59500.0,14000.0,157900.0,55690.0,36300.0,14000.0,258700.0,72332.0,42100.0,14000.0,1500000.0,116114.0,54300.0,https://www.tiktok.com/@rmalavikamaluzzz
0,58,4560.0,10900000.0,373008.9827586207,43100.0,4560.0,10200.0,8338.0,8912.5,4560.0,69400.0,21736.84,15400.0,4560.0,1700000.0,99122.42,33300.0,https://www.tiktok.com/@sneha_vlr
0,60,8951.0,2200000.0,165105.85,25750.0,8951.0,684900.0,114645.1,17300.0,8951.0,1200000.0,145638.04,23400.0,8951.0,2200000.0,188251.02,26450.0,https://www.tiktok.com/@shemarooent
0,75,10900.0,2100000.0,232334.66666666666,113000.0,10900.0,1600000.0,361030.0,131050.0,10900.0,2100000.0,432508.0,203500.0,10900.0,2100000.0,279716.0,133050.0,https://www.tiktok.com/@actresspriyankanaidu
0,58,20600.0,2900000.0,214748.27586206896,124800.0,20600.0,406300.0,115780.0,67400.0,20600.0,627000.0,157100.0,89900.0,20600.0,627000.0,158604.0,107450.0,https://www.tiktok.com/@harini.si
0,51,12300.0,1700000.0,203529.41176470587,104700.0,12300.0,153200.0,71350.0,53900.0,12300.0,319600.0,102904.0,91600.0,12300.0,1700000.0,204756.0,102800.0,https://www.tiktok.com/@muskaan1118_makeupartist
0,37,8.0,70.0,20.972972972972972,19.0,11.0,40.0,23.0,23.0,8.0,40.0,20.48,19.0,8.0,70.0,20.972972972972972,19.0,https://www.tiktok.com/@deepika5505
0,59,40600.0,11800000.0,521628.81355932204,187300.0,40600.0,505600.0,193960.0,153100.0,40600.0,11800000.0,813360.0,185600.0,40600.0,11800000.0,564838.0,191300.0,https://www.tiktok.com/@__afsuu__
0,60,4606.0,8199999.999999999,326510.1,56550.0,4606.0,851700.0,121550.6,22200.0,4606.0,8199999.999999999,567996.24,86100.0,4606.0,8199999.999999999,381516.12,60650.0,https://www.tiktok.com/@arnaavamjath
0,52,7364.0,518299.99999999994,86023.61538461539,45100.0,7364.0,46400.0,18972.8,18550.0,7364.0,119100.0,37181.12,24200.0,7364.0,518299.99999999994,82272.56,44800.0,https://www.tiktok.com/@josbinmb666
0,50,145900.0,45400000.0,2230232.0,821900.0,145900.0,3400000.0,906960.0,810650.0,145900.0,10700000.0,1178816.0,408300.0,145900.0,45400000.0,2230232.0,821900.0,https://www.tiktok.com/@vatsalsheth5
0,53,1091.0,2600000.0,77669.30188679245,5691.0,1091.0,119400.0,21685.7,2133.5,1091.0,650600.0,37924.0,2879.0,1091.0,2600000.0,81811.64,5679.5,https://www.tiktok.com/@jennyhoney.official
0,54,1230.0,22400000.0,553889.4444444445,33500.0,1230.0,22400000.0,2270513.0,36600.0,1230.0,22400000.0,945209.2,36400.0,1230.0,22400000.0,595768.6,35100.0,https://www.tiktok.com/@sweety_db
0,0,0.0,0.0,0.0,0.0,0.0,0.0,0.0,0.0,,,,,0.0,0.0,0.0,0.0,https://www.tiktok.com/@mistiroy535
0,60,1626.0,30800.0,8493.1,5984.5,1626.0,7953.0,3308.6,2455.5,1626.0,30800.0,6993.84,4477.0,1626.0,30800.0,7922.88,4998.5,https://www.tiktok.com/@ariyanqureshi786
0,60,110900.0,8400000.0,1084668.3333333333,557800.0,110900.0,664500.0,345500.0,284900.0,110900.0,3100000.0,750332.0,512500.0,110900.0,7500000.0,995040.0,557800.0,https://www.tiktok.com/@shashikumarnayak9
0,56,1836.0,4000000.0,82780.96428571429,4822.5,1836.0,3972.0,2667.1,2435.0,1836.0,5924.0,3512.52,3211.0,1836.0,4000000.0,91952.08,5213.5,https://www.tiktok.com/@rash5006
0,28,58700.0,1800000.0,631135.7142857143,413750.0,58700.0,1600000.0,524300.0,373550.0,58700.0,1800000.0,676040.0,416200.0,58700.0,1800000.0,631135.7142857143,413750.0,https://www.tiktok.com/@sriram_prince
0,76,5121.0,1700000.0,113432.32894736843,20800.0,5121.0,1700000.0,199525.2,9257.0,5121.0,1700000.0,155894.28,12300.0,5121.0,1700000.0,127885.14,16250.0,https://www.tiktok.com/@minijumper_official
0,60,55.0,1300000.0,92877.58333333333,28250.0,55.0,116900.0,29350.8,14943.5,55.0,656800.0,62734.52,14900.0,55.0,1300000.0,100951.1,25050.0,https://www.tiktok.com/@roopa_n_gowda
0,55,2700.0,82300.0,20080.654545454545,13800.0,2700.0,21300.0,8235.8,6241.0,2700.0,36400.0,13705.48,12600.0,2700.0,82300.0,19712.8,13950.0,https://www.tiktok.com/@aparm_jaat
0,60,38200.0,1300000.0,235973.33333333334,152600.0,38200.0,306500.0,101510.0,78000.0,38200.0,622800.0,189744.0,139600.0,38200.0,1300000.0,238336.0,152600.0,https://www.tiktok.com/@pb_26_wala_baaz
0,56,4226.0,6400000.0,760530.9464285715,267000.0,4226.0,2500000.0,521923.3,196700.0,4226.0,3100000.0,756697.32,321600.0,4226.0,6400000.0,808142.66,261800.0,https://www.tiktok.com/@papupompom0505
0,59,4117.0,3000000.0,481698.593220339,97500.0,56200.0,1400000.0,457690.0,155400.0,4117.0,2200000.0,629368.68,203600.0,4117.0,3000000.0,531606.34,105250.0,https://www.tiktok.com/@vlearn_math
0,51,10600.0,16700000.0,762270.5882352941,248900.0,10600.0,738400.0,159730.0,103400.0,10600.0,765500.0,187896.0,118100.0,10600.0,16700000.0,773404.0,249400.0,https://www.tiktok.com/@ashpakofficial
0,76,14000.0,3200000.0,231975.0,66400.0,14000.0,518200.00000000006,93140.0,46900.0,14000.0,3200000.0,188164.0,39600.0,14000.0,3200000.0,190340.0,65300.0,https://www.tiktok.com/@xhekkhar
0,60,3432.0,342000.0,20207.116666666665,8296.5,3432.0,52100.0,14980.9,6582.5,3432.0,52100.0,11104.08,6719.0,3432.0,342000.0,21020.34,7787.5,https://www.tiktok.com/@akshat_fitness
0,56,3876.0,19500000.0,1204006.7142857143,191000.0,3876.0,19500000.0,2396107.6,377900.0,3876.0,19500000.0,1992607.04,511700.0,3876.0,19500000.0,1345217.52,272850.0,https://www.tiktok.com/@prateekbhardwaj_09
0,59,8922.0,5500000.0,193474.83050847458,39500.0,8922.0,369800.0,49754.5,11300.0,8922.0,1300000.0,94668.6,19600.0,8922.0,5500000.0,219578.3,39900.0,https://www.tiktok.com/@donalbisht
0,54,8742.0,2500000.0,259590.07407407407,77700.0,8742.0,427900.0,106236.4,54700.0,8742.0,2500000.0,270962.56,69200.0,8742.0,2500000.0,271131.28,77700.0,https://www.tiktok.com/@kingdev9
0,53,273.0,893800.0,42392.377358490565,6523.0,273.0,84800.0,9452.0,1127.0,273.0,893800.0,74718.64,8560.0,273.0,893800.0,43893.92,6481.0,https://www.tiktok.com/@user271395894
0,60,7878.0,1300000.0,159191.31666666668,32350.0,31300.0,1300000.0,335120.0,47900.0,21800.0,1300000.0,217912.0,40300.0,8771.0,1300000.0,175915.48,33250.0,https://www.tiktok.com/@imrankhanm31
0,59,3986.0,2100000.0,235132.30508474575,64000.0,3986.0,208100.0,68250.6,30600.0,3986.0,939800.0,111164.24,34200.0,3986.0,2100000.0,232274.12,52250.0,https://www.tiktok.com/@whitehillstudios
0,59,838.0,9200000.0,272343.593220339,5523.0,838.0,2302.0,1316.8,1039.5,838.0,258200.0,14452.52,2537.0,838.0,3000000.0,118788.26,4575.5,https://www.tiktok.com/@hanif_hasmani
0,54,235600.0,7400000.0,1208461.111111111,754150.0,235600.0,7400000.0,1631810.0,1050000.0,235600.0,7400000.0,1137168.0,523400.0,235600.0,7400000.0,1146416.0,635900.0,https://www.tiktok.com/@_lovely_aravind
0,59,4302.0,25600000.0,1364277.779661017,73300.0,4302.0,8505.0,6410.3,6516.5,4302.0,408400.0,36947.56,9107.0,4302.0,25600000.0,1599735.78,76800.0,https://www.tiktok.com/@sonymusicindia
0,3,312500.0,10000000.0,3631400.0,581700.0,312500.0,10000000.0,3631400.0,581700.0,312500.0,10000000.0,3631400.0,581700.0,312500.0,10000000.0,3631400.0,581700.0,https://www.tiktok.com/@kritisanon2707
0,60,4614.0,1400000.0,108412.56666666667,60400.0,4614.0,83900.0,17147.6,6690.5,4614.0,95100.0,29771.04,22600.0,4614.0,1400000.0,94523.52,44150.0,https://www.tiktok.com/@beautysaha0
0,60,27900.0,5300000.0,328715.0,116650.0,28400.0,5300000.0,608450.0,75500.0,27900.0,5300000.0,292980.0,66500.0,27900.0,5300000.0,361280.0,103050.0,https://www.tiktok.com/@officialitech
0,75,4567.0,1300000.0,43648.50666666667,12900.0,4567.0,9413.0,6667.0,6016.5,4567.0,204400.0,25410.8,18000.0,4567.0,204400.0,19156.6,12600.0,https://www.tiktok.com/@namratalakhani
0,58,67500.0,3400000.0,482536.2068965517,276450.0,67500.0,2300000.0,757030.0,396500.0,67500.0,3400000.0,781340.0,361000.0,67500.0,3400000.0,530510.0,297750.0,https://www.tiktok.com/@kaurbofficial
0,57,73500.0,35100000.0,1892480.701754386,737500.0,73500.0,1600000.0,418260.0,290850.0,73500.0,2600000.0,646528.0,435600.0,73500.0,35100000.0,1757630.0,718050.0,https://www.tiktok.com/@divin_prabhakaran
0,60,34300.0,6600000.0,378573.3333333333,68500.0,34300.0,1700000.0,345420.0,51850.0,34300.0,6600000.0,489948.0,53400.0,34300.0,6600000.0,391334.0,67150.0,https://www.tiktok.com/@thesnobcats
0,60,109100.0,5600000.0,559058.3333333334,277050.0,161600.0,707700.0,339510.0,301800.0,115900.0,1100000.0,317312.0,204200.0,109100.0,3700000.0,449740.0,270700.0,https://www.tiktok.com/@ashleendadzkaur
0,60,5874.0,6300000.0,306138.76666666666,73950.0,5874.0,63700.0,27302.6,20250.0,5874.0,2600000.0,177253.04,47600.0,5874.0,6300000.0,335554.52,63000.0,https://www.tiktok.com/@priyabhatia936
0,58,21900.0,2700000.0,278248.275862069,94950.0,21900.0,839500.0,174060.0,109000.0,21900.0,839500.0,168892.0,88500.0,21900.0,2700000.0,271512.0,90150.0,https://www.tiktok.com/@shiva___0000
0,59,424200.0,8400000.0,1398894.9152542374,931900.0,424200.0,3900000.0,1798160.0,1118400.0,424200.0,3900000.0,1387984.0,798800.0,424200.0,8400000.0,1424980.0,927050.0,https://www.tiktok.com/@jassmanak
0,52,746500.0,107300000.0,11808586.538461538,7850000.0,746500.0,14200000.0,4834650.0,2900000.0,746500.0,34900000.0,8577860.0,6000000.0,746500.0,107300000.0,12042930.0,8050000.0,https://www.tiktok.com/@shivangijoshi11
0,60,194000.0,44100000.0,3753810.0,1450000.0,194000.0,5100000.0,1304520.0,1150000.0,194000.0,15600000.0,2322872.0,1100000.0,194000.0,44100000.0,4187436.0,1500000.0,https://www.tiktok.com/@millindgaba
0,62,446100.0,20300000.0,3205188.709677419,1550000.0,446100.0,8700000.0,2123770.0,1750000.0,446100.0,10700000.0,2412504.0,1200000.0,446100.0,20300000.0,2932294.0,1350000.0,https://www.tiktok.com/@anitahas
0,30,162200.0,9900000.0,2252733.3333333335,1350000.0,162200.0,6100000.0,2293260.0,1700000.0,162200.0,9900000.0,2498696.0,1500000.0,162200.0,9900000.0,2252733.3333333335,1350000.0,https://www.tiktok.com/@nidhhiagerwal
0,74,237900.0,9700000.0,1154485.1351351351,782750.0,255500.0,1700000.0,819770.0,645200.0,237900.0,4800000.0,1035920.0,628100.0,237900.0,9700000.0,1269008.0,800350.0,https://www.tiktok.com/@shabbo143
0,72,10400.0,7600000.0,323323.6111111111,112300.0,25000.0,695700.0,232700.0,154900.0,14400.0,695700.0,131688.0,84400.0,10400.0,7600000.0,336396.0,99350.0,https://www.tiktok.com/@gauravgera
0,55,13300.0,2300000.0,257914.54545454544,167400.0,13300.0,2000000.0,239280.0,45000.0,13300.0,2000000.0,250420.0,134400.0,13300.0,2300000.0,266584.0,169350.0,https://www.tiktok.com/@_poojaprajapat529
0,59,4976.0,1700000.0,98975.42372881356,38600.0,4976.0,119900.0,26977.6,18100.0,4976.0,462900.0,56814.0,24400.0,4976.0,1700000.0,108223.0,39400.0,https://www.tiktok.com/@_h3tu_
0,55,5056.0,7500000.0,641164.9090909091,160400.0,5056.0,78300.0,16677.0,9381.0,5056.0,3300000.0,280994.8,78300.0,5056.0,7500000.0,604017.4,143650.0,https://www.tiktok.com/@ajaygoyal200
0,60,10300.0,638000.0,109675.0,64250.0,10300.0,558000.0,113090.0,58500.0,10300.0,558000.0,111840.0,72900.0,10300.0,638000.0,104060.0,66200.0,https://www.tiktok.com/@khushi.cchaudhary
0,58,4932.0,1400000.0,49350.94827586207,14600.0,7992.0,25000.0,13089.9,9540.0,4932.0,92300.0,13807.96,8722.0,4932.0,1400000.0,55334.04,17000.0,https://www.tiktok.com/@rakeshcf
0,60,15200.0,4000000.0,258438.33333333334,71800.0,15200.0,662800.0,165600.0,58550.0,15200.0,1500000.0,220692.0,72000.0,15200.0,1500000.0,169564.0,54150.0,https://www.tiktok.com/@calligraphybyzaib
0,57,27900.0,550400.0,157222.80701754385,104100.0,29500.0,147200.0,73220.0,59050.0,27900.0,512700.00000000006,124208.0,87000.0,27900.0,550400.0,149436.0,98800.0,https://www.tiktok.com/@shivaniyadav3838
0,60,5528.0,1100000.0,53043.75,11300.0,7647.0,58400.0,20925.3,12950.0,7245.0,1100000.0,67552.36,11300.0,5572.0,1100000.0,47469.08,11300.0,https://www.tiktok.com/@maryamzakaria
0,54,20600.0,1700000.0,148746.2962962963,87500.0,21400.0,1700000.0,227840.0,58850.0,20600.0,1700000.0,139952.0,64300.0,20600.0,1700000.0,143252.0,81700.0,https://www.tiktok.com/@nawabahmad
0,52,71200.0,3900000.0,568578.8461538461,347750.0,104300.0,958400.0,451440.0,336950.0,71200.0,2500000.0,562232.0,439500.0,71200.0,3900000.0,579494.0,347750.0,https://www.tiktok.com/@i_am_kay_d
0,60,28800.0,2100000.0,258026.66666666666,165050.0,28800.0,164800.0,66880.0,49700.0,28800.0,286700.0,109748.0,93900.0,28800.0,2100000.0,235496.0,138650.0,https://www.tiktok.com/@pranjaldahiya5
0,60,138300.0,5000000.0,647076.6666666666,354550.0,244000.0,5000000.0,959820.0,404900.0,138300.0,5000000.0,838748.0,424900.0,138300.0,5000000.0,699780.0,357250.0,https://www.tiktok.com/@arjunbijlani
0,59,16500.0,38000000.0,1302862.7118644067,216200.0,16500.0,4900000.0,894460.0,175100.0,16500.0,38000000.0,2142796.0,202200.0,16500.0,38000000.0,1508778.0,241350.0,https://www.tiktok.com/@ujjwalchaturvedi52
0,26,525800.0,10300000.0,3357257.6923076925,2600000.0,525800.0,10300000.0,3156030.0,2250000.0,525800.0,10300000.0,3339548.0,2600000.0,525800.0,10300000.0,3357257.6923076925,2600000.0,https://www.tiktok.com/@bhuvanbam
0,59,8970.0,1100000.0,68181.79661016949,25600.0,9775.0,116600.0,39267.5,21200.0,9775.0,301900.0,51443.0,30300.0,9775.0,1100000.0,64437.5,26850.0,https://www.tiktok.com/@simran.budharup
0,60,37100.0,13900000.0,984350.0,227550.0,37100.0,2900000.0,553880.0,104100.0,37100.0,10300000.0,777460.0,128199.99999999999,37100.0,13900000.0,905990.0,196000.0,https://www.tiktok.com/@manav_manglani
0,60,157300.0,15000000.0,1640383.3333333333,999750.0,157300.0,4300000.0,1265150.0,860800.0,157300.0,4900000.0,1333260.0,1000000.0,157300.0,15000000.0,1600228.0,995500.0,https://www.tiktok.com/@therajkundra
0,58,5533.0,5500000.0,637376.0,166900.0,5533.0,118600.0,42200.8,34150.0,5533.0,5500000.0,318240.32,78500.0,5533.0,5500000.0,599458.16,140050.0,https://www.tiktok.com/@mj5official
0,59,25700.0,5600000.0,461535.593220339,207600.0,25700.0,987100.0,195200.0,75450.0,25700.0,5600000.0,415708.0,73600.0,25700.0,5600000.0,467032.0,217900.0,https://www.tiktok.com/@oyeitsaj
0,59,86600.0,10500000.0,930323.7288135593,425500.0,86600.0,1900000.0,632710.0,444550.0,86600.0,10500000.0,1027696.0,372600.0,86600.0,10500000.0,978212.0,422100.0,https://www.tiktok.com/@wake_n_bite
0,59,21800.0,857200.0,193991.5254237288,145700.0,21800.0,314700.0,126690.0,61950.0,21800.0,857200.0,191832.0,149400.0,21800.0,857200.0,197068.0,137450.0,https://www.tiktok.com/@iam_ahappyysoul
0,61,16100.000000000002,4600000.0,282236.0655737705,157300.0,16100.000000000002,620700.0,209470.0,95300.0,16100.000000000002,4600000.0,411532.0,157300.0,16100.000000000002,4600000.0,312164.0,158300.0,https://www.tiktok.com/@shivamachlas
